AvSigVersion,Count,Percentage
1.275.1244.0,112,1.1199999999999999
1.263.48.0,107,1.0699999999999998
1.275.1140.0,105,1.05
1.275.727.0,104,1.04
1.273.371.0,101,1.01
1.273.1826.0,96,0.96
1.251.42.0,96,0.96
1.273.1420.0,85,0.8500000000000001
1.273.810.0,74,0.74
1.237.0.0,68,0.6799999999999999
1.273.1749.0,67,0.67
1.275.1209.0,59,0.59
1.273.781.0,51,0.51
1.275.1293.0,47,0.47000000000000003
1.273.1311.0,45,0.44999999999999996
1.273.337.0,45,0.44999999999999996
1.273.1005.0,44,0.44
1.273.461.0,44,0.44
1.273.894.0,44,0.44
1.273.717.0,43,0.43
1.273.1034.0,43,0.43
1.273.1379.0,43,0.43
1.273.1527.0,41,0.41000000000000003
1.275.981.0,41,0.41000000000000003
1.275.1458.0,41,0.41000000000000003
1.275.1349.0,40,0.4
1.275.1669.0,40,0.4
1.275.1362.0,40,0.4
1.275.1025.0,39,0.38999999999999996
1.275.948.0,38,0.38
1.275.974.0,38,0.38
1.273.1668.0,37,0.37
1.275.511.0,36,0.36
1.273.1282.0,36,0.36
1.273.1073.0,36,0.36
1.273.950.0,35,0.35000000000000003
1.273.1167.0,34,0.33999999999999997
1.273.1112.0,34,0.33999999999999997
1.275.1487.0,34,0.33999999999999997
1.273.933.0,33,0.33
1.275.1086.0,33,0.33
1.275.644.0,32,0.32
1.275.1509.0,32,0.32
1.275.112.0,31,0.31
1.273.488.0,31,0.31
1.273.512.0,31,0.31
1.273.836.0,31,0.31
1.273.1795.0,31,0.31
1.275.941.0,30,0.3
1.275.263.0,30,0.3
1.273.1208.0,30,0.3
1.275.1001.0,30,0.3
1.273.212.0,29,0.29
1.273.1574.0,28,0.27999999999999997
1.275.1011.0,28,0.27999999999999997
1.273.642.0,28,0.27999999999999997
1.273.665.0,28,0.27999999999999997
1.273.1056.0,28,0.27999999999999997
1.273.545.0,27,0.27
1.273.483.0,27,0.27
1.275.1442.0,26,0.26
1.275.1108.0,25,0.25
1.273.738.0,25,0.25
1.277.25.0,25,0.25
1.275.1198.0,25,0.25
1.273.315.0,24,0.24
1.273.293.0,24,0.24
1.273.1179.0,24,0.24
1.275.1621.0,24,0.24
1.273.443.0,24,0.24
1.275.1120.0,24,0.24
1.275.1719.0,23,0.22999999999999998
1.273.1863.0,23,0.22999999999999998
1.275.388.0,23,0.22999999999999998
1.273.516.0,23,0.22999999999999998
1.273.1276.0,23,0.22999999999999998
1.273.1608.0,23,0.22999999999999998
1.275.852.0,23,0.22999999999999998
1.273.975.0,22,0.22
1.273.881.0,22,0.22
1.275.988.0,22,0.22
1.273.1329.0,22,0.22
1.275.1283.0,22,0.22
1.273.1094.0,21,0.21
1.275.674.0,21,0.21
1.275.151.0,21,0.21
1.273.1144.0,21,0.21
1.275.687.0,21,0.21
1.275.1090.0,21,0.21
1.275.1373.0,21,0.21
1.275.1080.0,20,0.2
1.273.1735.0,20,0.2
1.273.1188.0,20,0.2
1.275.1176.0,20,0.2
1.273.1504.0,20,0.2
1.273.869.0,20,0.2
1.275.1075.0,20,0.2
1.275.11.0,19,0.19
1.275.1047.0,19,0.19
1.273.529.0,19,0.19
1.275.230.0,19,0.19
1.273.1568.0,18,0.18
1.273.612.0,18,0.18
1.275.810.0,18,0.18
1.273.802.0,18,0.18
1.273.658.0,18,0.18
1.275.330.0,18,0.18
1.275.249.0,18,0.18
1.275.1783.0,18,0.18
1.275.710.0,18,0.18
1.273.989.0,18,0.18
1.275.1695.0,17,0.16999999999999998
1.273.1565.0,17,0.16999999999999998
1.273.356.0,17,0.16999999999999998
1.275.148.0,17,0.16999999999999998
1.273.1501.0,17,0.16999999999999998
1.275.1058.0,17,0.16999999999999998
1.275.1327.0,16,0.16
1.273.679.0,16,0.16
1.275.1555.0,16,0.16
1.273.334.0,16,0.16
1.275.1397.0,16,0.16
1.273.1812.0,16,0.16
1.273.1465.0,16,0.16
1.275.1798.0,16,0.16
1.275.970.0,16,0.16
1.275.400.0,16,0.16
1.275.155.0,16,0.16
1.273.1234.0,16,0.16
1.273.1791.0,15,0.15
1.275.995.0,15,0.15
1.275.59.0,15,0.15
1.273.1223.0,15,0.15
1.273.491.0,15,0.15
1.275.423.0,15,0.15
1.273.1498.0,15,0.15
1.273.434.0,15,0.15
1.275.568.0,15,0.15
1.275.771.0,15,0.15
1.275.1433.0,15,0.15
1.273.912.0,15,0.15
1.273.1490.0,15,0.15
1.275.934.0,15,0.15
1.277.4.0,15,0.15
1.273.1405.0,15,0.15
1.275.913.0,14,0.13999999999999999
1.273.1561.0,14,0.13999999999999999
1.273.1228.0,14,0.13999999999999999
1.273.1124.0,14,0.13999999999999999
1.273.1362.0,14,0.13999999999999999
1.275.1103.0,14,0.13999999999999999
1.275.260.0,14,0.13999999999999999
1.275.500.0,14,0.13999999999999999
1.273.601.0,14,0.13999999999999999
1.273.1622.0,14,0.13999999999999999
1.275.184.0,14,0.13999999999999999
1.275.1668.0,14,0.13999999999999999
1.275.1454.0,14,0.13999999999999999
1.273.1523.0,14,0.13999999999999999
1.273.1471.0,14,0.13999999999999999
1.275.617.0,14,0.13999999999999999
1.275.292.0,14,0.13999999999999999
1.273.709.0,14,0.13999999999999999
1.275.300.0,14,0.13999999999999999
1.273.266.0,14,0.13999999999999999
1.273.1667.0,14,0.13999999999999999
1.275.193.0,14,0.13999999999999999
1.275.1187.0,14,0.13999999999999999
1.275.1332.0,13,0.13
1.273.1244.0,13,0.13
1.275.91.0,13,0.13
1.273.1328.0,13,0.13
1.275.383.0,13,0.13
1.275.108.0,13,0.13
1.275.167.0,13,0.13
1.275.866.0,13,0.13
1.275.849.0,13,0.13
1.275.828.0,13,0.13
1.275.256.0,13,0.13
1.275.1537.0,13,0.13
1.275.1312.0,13,0.13
1.275.1107.0,13,0.13
1.275.1278.0,13,0.13
1.273.1644.0,13,0.13
1.275.1067.0,12,0.12
1.273.1721.0,12,0.12
1.275.1105.0,12,0.12
1.273.1723.0,12,0.12
1.273.1780.0,12,0.12
1.275.957.0,12,0.12
1.275.1118.0,12,0.12
1.275.884.0,12,0.12
1.275.1527.0,12,0.12
1.273.1860.0,12,0.12
1.275.202.0,12,0.12
1.275.1665.0,12,0.12
1.275.1791.0,12,0.12
1.275.485.0,12,0.12
1.273.1784.0,12,0.12
1.275.760.0,12,0.12
1.275.132.0,12,0.12
1.273.1548.0,12,0.12
1.275.590.0,12,0.12
1.273.1688.0,12,0.12
1.275.921.0,12,0.12
1.273.1509.0,12,0.12
1.273.1478.0,12,0.12
1.273.1324.0,12,0.12
1.275.667.0,12,0.12
1.273.486.0,12,0.12
1.275.223.0,12,0.12
1.273.1410.0,11,0.11
1.275.847.0,11,0.11
1.273.1520.0,11,0.11
1.273.514.0,11,0.11
1.275.969.0,11,0.11
1.273.1326.0,11,0.11
1.275.30.0,11,0.11
1.275.321.0,11,0.11
1.273.366.0,11,0.11
1.273.1004.0,11,0.11
1.275.1635.0,11,0.11
1.275.1545.0,11,0.11
1.275.1318.0,11,0.11
1.273.861.0,11,0.11
1.273.1710.0,11,0.11
1.273.1626.0,11,0.11
1.273.425.0,11,0.11
1.275.316.0,11,0.11
1.273.1714.0,11,0.11
1.275.138.0,11,0.11
1.273.1618.0,11,0.11
1.275.1552.0,11,0.11
1.275.1734.0,11,0.11
1.275.190.0,11,0.11
1.273.1482.0,11,0.11
1.275.1659.0,11,0.11
1.273.1726.0,11,0.11
1.275.1062.0,11,0.11
1.273.1108.0,11,0.11
1.275.1378.0,11,0.11
1.273.571.0,10,0.1
1.273.1558.0,10,0.1
1.273.630.0,10,0.1
1.275.1478.0,10,0.1
1.275.23.0,10,0.1
1.273.1666.0,10,0.1
1.275.1503.0,10,0.1
1.273.1664.0,10,0.1
1.275.938.0,10,0.1
1.275.323.0,10,0.1
1.273.513.0,10,0.1
1.275.453.0,10,0.1
1.273.1631.0,10,0.1
1.273.1516.0,10,0.1
1.273.526.0,10,0.1
1.275.327.0,10,0.1
1.275.623.0,10,0.1
1.273.1338.0,10,0.1
1.273.1605.0,10,0.1
1.273.1176.0,10,0.1
1.275.1628.0,10,0.1
1.275.1104.0,10,0.1
1.273.1702.0,10,0.1
1.273.922.0,10,0.1
1.275.105.0,10,0.1
1.273.1454.0,10,0.1
1.275.1380.0,10,0.1
1.275.33.0,10,0.1
1.273.520.0,10,0.1
1.275.1616.0,10,0.1
1.273.1512.0,10,0.1
1.273.522.0,10,0.1
1.275.821.0,10,0.1
1.275.237.0,10,0.1
1.275.1613.0,10,0.1
1.273.1341.0,10,0.1
1.275.8.0,10,0.1
1.273.76.0,10,0.1
1.273.986.0,10,0.1
1.273.1552.0,9,0.09
1.275.46.0,9,0.09
1.273.1699.0,9,0.09
1.273.1571.0,9,0.09
1.275.757.0,9,0.09
1.275.1417.0,9,0.09
1.275.571.0,9,0.09
1.273.1718.0,9,0.09
1.275.1546.0,9,0.09
1.273.1131.0,9,0.09
1.275.903.0,9,0.09
1.273.1697.0,9,0.09
1.273.929.0,9,0.09
1.275.1779.0,9,0.09
1.273.505.0,9,0.09
1.273.165.0,9,0.09
1.275.1645.0,9,0.09
1.273.675.0,9,0.09
1.275.1423.0,9,0.09
1.275.130.0,9,0.09
1.275.1730.0,9,0.09
1.273.1257.0,9,0.09
1.275.1382.0,9,0.09
1.275.1718.0,9,0.09
1.273.511.0,9,0.09
1.273.633.0,9,0.09
1.273.1704.0,9,0.09
1.273.927.0,9,0.09
1.273.541.0,9,0.09
1.275.314.0,9,0.09
1.275.445.0,9,0.09
1.273.1486.0,9,0.09
1.273.428.0,9,0.09
1.273.584.0,8,0.08
1.273.609.0,8,0.08
1.275.319.0,8,0.08
1.273.770.0,8,0.08
1.273.1468.0,8,0.08
1.273.1159.0,8,0.08
1.275.434.0,8,0.08
1.275.1565.0,8,0.08
1.273.1691.0,8,0.08
1.275.1733.0,8,0.08
1.273.920.0,8,0.08
1.273.509.0,8,0.08
1.275.627.0,8,0.08
1.273.1656.0,8,0.08
1.273.1494.0,8,0.08
1.273.587.0,8,0.08
1.275.437.0,8,0.08
1.275.901.0,8,0.08
1.273.915.0,8,0.08
1.273.806.0,8,0.08
1.275.359.0,8,0.08
1.275.843.0,8,0.08
1.275.1141.0,8,0.08
1.273.326.0,8,0.08
1.275.241.0,8,0.08
1.275.36.0,8,0.08
1.275.288.0,8,0.08
1.275.784.0,8,0.08
1.275.779.0,8,0.08
1.275.697.0,8,0.08
1.273.1376.0,8,0.08
1.273.440.0,8,0.08
1.275.1435.0,8,0.08
1.275.1600.0,8,0.08
1.275.1421.0,8,0.08
1.273.1360.0,8,0.08
1.275.1582.0,8,0.08
1.275.1325.0,8,0.08
1.273.1734.0,8,0.08
1.273.735.0,8,0.08
1.273.1595.0,8,0.08
1.275.1519.0,8,0.08
1.275.1390.0,8,0.08
1.275.1450.0,8,0.08
1.275.474.0,8,0.08
1.273.557.0,8,0.08
1.273.696.0,8,0.08
1.275.182.0,8,0.08
1.273.1545.0,8,0.08
1.275.1774.0,8,0.08
1.273.1393.0,8,0.08
1.273.995.0,8,0.08
1.275.504.0,8,0.08
1.273.1682.0,8,0.08
1.275.1106.0,8,0.08
1.275.198.0,8,0.08
1.273.1650.0,8,0.08
1.275.307.0,8,0.08
1.273.1299.0,8,0.08
1.275.1771.0,8,0.08
1.275.781.0,8,0.08
1.275.101.0,8,0.08
1.275.1762.0,8,0.08
1.273.589.0,8,0.08
1.275.929.0,8,0.08
1.273.1601.0,8,0.08
1.275.1343.0,7,0.06999999999999999
1.271.1182.0,7,0.06999999999999999
1.273.1460.0,7,0.06999999999999999
1.273.1707.0,7,0.06999999999999999
1.273.858.0,7,0.06999999999999999
1.275.1341.0,7,0.06999999999999999
1.275.672.0,7,0.06999999999999999
1.275.1578.0,7,0.06999999999999999
1.275.1448.0,7,0.06999999999999999
1.273.768.0,7,0.06999999999999999
1.271.1003.0,7,0.06999999999999999
1.273.778.0,7,0.06999999999999999
1.275.158.0,7,0.06999999999999999
1.269.1000.0,7,0.06999999999999999
1.275.576.0,7,0.06999999999999999
1.275.197.0,7,0.06999999999999999
1.275.368.0,7,0.06999999999999999
1.275.932.0,7,0.06999999999999999
1.275.171.0,7,0.06999999999999999
1.275.563.0,7,0.06999999999999999
1.275.895.0,7,0.06999999999999999
1.275.378.0,7,0.06999999999999999
1.275.1632.0,7,0.06999999999999999
1.275.1242.0,7,0.06999999999999999
1.277.41.0,7,0.06999999999999999
1.275.188.0,7,0.06999999999999999
1.275.1682.0,7,0.06999999999999999
1.275.245.0,7,0.06999999999999999
1.273.534.0,7,0.06999999999999999
1.275.194.0,7,0.06999999999999999
1.275.1761.0,7,0.06999999999999999
1.275.161.0,7,0.06999999999999999
1.273.330.0,7,0.06999999999999999
1.275.54.0,7,0.06999999999999999
1.277.51.0,7,0.06999999999999999
1.275.498.0,7,0.06999999999999999
1.275.608.0,7,0.06999999999999999
1.275.1598.0,7,0.06999999999999999
1.275.911.0,7,0.06999999999999999
1.273.208.0,7,0.06999999999999999
1.273.581.0,7,0.06999999999999999
1.273.493.0,7,0.06999999999999999
1.275.310.0,7,0.06999999999999999
1.275.72.0,7,0.06999999999999999
1.273.1475.0,7,0.06999999999999999
1.275.832.0,7,0.06999999999999999
1.275.665.0,7,0.06999999999999999
1.273.1346.0,7,0.06999999999999999
1.275.68.0,7,0.06999999999999999
1.275.631.0,7,0.06999999999999999
1.275.898.0,7,0.06999999999999999
1.275.595.0,7,0.06999999999999999
1.275.1609.0,7,0.06999999999999999
1.273.1307.0,7,0.06999999999999999
1.275.1562.0,7,0.06999999999999999
1.275.1276.0,7,0.06999999999999999
1.275.173.0,7,0.06999999999999999
1.275.881.0,7,0.06999999999999999
1.273.559.0,7,0.06999999999999999
1.275.429.0,7,0.06999999999999999
1.275.1320.0,7,0.06999999999999999
1.275.782.0,7,0.06999999999999999
1.273.595.0,7,0.06999999999999999
1.275.1484.0,7,0.06999999999999999
1.273.798.0,7,0.06999999999999999
1.273.1232.0,7,0.06999999999999999
1.275.98.0,7,0.06999999999999999
1.275.722.0,7,0.06999999999999999
1.275.686.0,7,0.06999999999999999
1.273.1505.0,7,0.06999999999999999
1.273.1356.0,7,0.06999999999999999
1.275.602.0,7,0.06999999999999999
1.273.1616.0,7,0.06999999999999999
1.275.788.0,7,0.06999999999999999
1.275.635.0,7,0.06999999999999999
1.271.1136.0,7,0.06999999999999999
1.273.1652.0,7,0.06999999999999999
1.275.570.0,6,0.06
1.273.289.0,6,0.06
1.273.1301.0,6,0.06
1.275.499.0,6,0.06
1.273.1260.0,6,0.06
1.275.1643.0,6,0.06
1.275.65.0,6,0.06
1.273.501.0,6,0.06
1.273.1788.0,6,0.06
1.273.1823.0,6,0.06
1.269.1925.0,6,0.06
1.273.1613.0,6,0.06
1.275.1129.0,6,0.06
1.275.893.0,6,0.06
1.273.1270.0,6,0.06
1.275.1603.0,6,0.06
1.273.879.0,6,0.06
1.275.164.0,6,0.06
1.275.350.0,6,0.06
1.275.174.0,6,0.06
1.275.144.0,6,0.06
1.273.510.0,6,0.06
1.275.583.0,6,0.06
1.275.41.0,6,0.06
1.273.754.0,6,0.06
1.275.1425.0,6,0.06
1.273.286.0,6,0.06
1.275.1101.0,6,0.06
1.275.40.0,6,0.06
1.271.159.0,6,0.06
1.275.1709.0,6,0.06
1.273.774.0,6,0.06
1.271.366.0,6,0.06
1.273.1397.0,6,0.06
1.275.1717.0,6,0.06
1.275.1753.0,6,0.06
1.273.1657.0,6,0.06
1.275.166.0,6,0.06
1.273.1642.0,6,0.06
1.275.380.0,6,0.06
1.271.711.0,6,0.06
1.275.1732.0,6,0.06
1.271.1178.0,6,0.06
1.277.49.0,6,0.06
1.275.1329.0,6,0.06
1.275.907.0,6,0.06
1.275.438.0,6,0.06
1.275.1769.0,6,0.06
1.275.18.0,6,0.06
1.275.550.0,6,0.06
1.273.1293.0,6,0.06
1.275.488.0,6,0.06
1.275.706.0,6,0.06
1.275.1115.0,6,0.06
1.275.281.0,6,0.06
1.273.1372.0,6,0.06
1.273.280.0,6,0.06
1.275.1650.0,6,0.06
1.275.1134.0,6,0.06
1.275.1654.0,6,0.06
1.275.1486.0,6,0.06
1.273.1140.0,6,0.06
1.275.909.0,6,0.06
1.275.798.0,6,0.06
1.275.1534.0,6,0.06
1.275.482.0,6,0.06
1.275.545.0,6,0.06
1.275.795.0,6,0.06
1.273.1732.0,6,0.06
1.275.1234.0,6,0.06
1.275.26.0,6,0.06
1.273.757.0,6,0.06
1.275.1748.0,6,0.06
1.275.919.0,6,0.06
1.275.663.0,6,0.06
1.273.637.0,6,0.06
1.275.357.0,6,0.06
1.273.1635.0,6,0.06
1.273.1660.0,6,0.06
1.275.373.0,6,0.06
1.275.952.0,6,0.06
1.273.713.0,5,0.05
1.275.542.0,5,0.05
1.273.456.0,5,0.05
1.273.1519.0,5,0.05
1.273.1693.0,5,0.05
1.271.1173.0,5,0.05
1.275.1589.0,5,0.05
1.267.1804.0,5,0.05
1.275.508.0,5,0.05
1.273.1125.0,5,0.05
1.275.1570.0,5,0.05
1.275.219.0,5,0.05
1.273.605.0,5,0.05
1.275.420.0,5,0.05
1.275.1573.0,5,0.05
1.269.69.0,5,0.05
1.273.703.0,5,0.05
1.275.1231.0,5,0.05
1.273.1254.0,5,0.05
1.275.1639.0,5,0.05
1.273.1592.0,5,0.05
1.273.1054.0,5,0.05
1.269.1708.0,5,0.05
1.275.398.0,5,0.05
1.271.939.0,5,0.05
1.277.43.0,5,0.05
1.273.1156.0,5,0.05
1.275.606.0,5,0.05
1.273.1127.0,5,0.05
1.273.518.0,5,0.05
1.275.75.0,5,0.05
1.273.484.0,5,0.05
1.275.1593.0,5,0.05
1.275.49.0,5,0.05
1.275.823.0,5,0.05
1.273.536.0,5,0.05
1.273.1620.0,5,0.05
1.273.1296.0,5,0.05
1.273.1555.0,5,0.05
1.273.1240.0,5,0.05
1.275.150.0,5,0.05
1.275.178.0,5,0.05
1.267.1212.0,5,0.05
1.275.715.0,5,0.05
1.275.805.0,5,0.05
1.269.1427.0,5,0.05
1.269.1075.0,5,0.05
1.273.421.0,5,0.05
1.275.497.0,5,0.05
1.273.851.0,5,0.05
1.273.314.0,5,0.05
1.273.973.0,5,0.05
1.277.46.0,5,0.05
1.265.948.0,5,0.05
1.267.1524.0,5,0.05
1.275.682.0,5,0.05
1.273.309.0,5,0.05
1.273.625.0,5,0.05
1.273.1809.0,5,0.05
1.275.790.0,5,0.05
1.275.586.0,5,0.05
1.273.1136.0,5,0.05
1.275.718.0,5,0.05
1.275.1606.0,5,0.05
1.273.1440.0,5,0.05
1.273.868.0,5,0.05
1.273.1633.0,5,0.05
1.275.633.0,5,0.05
1.275.1686.0,5,0.05
1.275.472.0,5,0.05
1.273.241.0,5,0.05
1.275.226.0,5,0.05
1.275.1712.0,5,0.05
1.273.597.0,5,0.05
1.275.477.0,5,0.05
1.275.699.0,5,0.05
1.275.622.0,5,0.05
1.273.692.0,5,0.05
1.273.1598.0,5,0.05
1.273.1416.0,5,0.05
1.273.1051.0,5,0.05
1.273.453.0,5,0.05
1.273.1585.0,5,0.05
1.273.1400.0,5,0.05
1.275.84.0,5,0.05
1.275.636.0,5,0.05
1.275.684.0,5,0.05
1.275.609.0,5,0.05
1.275.777.0,5,0.05
1.273.1241.0,5,0.05
1.275.1727.0,5,0.05
1.275.767.0,5,0.05
1.271.388.0,5,0.05
1.275.448.0,5,0.05
1.275.547.0,5,0.05
1.273.127.0,5,0.05
1.273.1401.0,5,0.05
1.273.1305.0,5,0.05
1.265.389.0,5,0.05
1.275.769.0,4,0.04
1.273.1135.0,4,0.04
1.273.506.0,4,0.04
1.275.836.0,4,0.04
1.275.365.0,4,0.04
1.273.408.0,4,0.04
1.267.1751.0,4,0.04
1.273.1261.0,4,0.04
1.273.182.0,4,0.04
1.275.461.0,4,0.04
1.273.1413.0,4,0.04
1.275.1396.0,4,0.04
1.273.1354.0,4,0.04
1.273.164.0,4,0.04
1.269.148.0,4,0.04
1.273.523.0,4,0.04
1.275.1756.0,4,0.04
1.273.761.0,4,0.04
1.275.1013.0,4,0.04
1.277.48.0,4,0.04
1.275.1796.0,4,0.04
1.275.370.0,4,0.04
1.269.1145.0,4,0.04
1.275.376.0,4,0.04
1.273.312.0,4,0.04
1.271.1166.0,4,0.04
1.275.1507.0,4,0.04
1.275.81.0,4,0.04
1.273.1623.0,4,0.04
1.275.723.0,4,0.04
1.273.1327.0,4,0.04
1.275.580.0,4,0.04
1.273.1634.0,4,0.04
1.273.1607.0,4,0.04
1.273.837.0,4,0.04
1.267.555.0,4,0.04
1.273.1638.0,4,0.04
1.275.557.0,4,0.04
1.275.450.0,4,0.04
1.275.1431.0,4,0.04
1.275.493.0,4,0.04
1.275.900.0,4,0.04
1.275.396.0,4,0.04
1.271.473.0,4,0.04
1.273.845.0,4,0.04
1.275.1754.0,4,0.04
1.273.865.0,4,0.04
1.275.1759.0,4,0.04
1.273.654.0,4,0.04
1.273.1655.0,4,0.04
1.267.713.0,4,0.04
1.273.1264.0,4,0.04
1.275.87.0,4,0.04
1.271.722.0,4,0.04
1.273.866.0,4,0.04
1.273.452.0,4,0.04
1.269.141.0,4,0.04
1.275.613.0,4,0.04
1.275.584.0,4,0.04
1.271.260.0,4,0.04
1.273.685.0,4,0.04
1.275.794.0,4,0.04
1.271.1068.0,4,0.04
1.273.538.0,4,0.04
1.275.845.0,4,0.04
1.275.876.0,4,0.04
1.275.352.0,4,0.04
1.275.713.0,4,0.04
1.275.1658.0,4,0.04
1.275.1662.0,4,0.04
1.275.213.0,4,0.04
1.271.1060.0,4,0.04
1.275.555.0,4,0.04
1.275.149.0,4,0.04
1.275.1411.0,4,0.04
1.269.1570.0,4,0.04
1.269.1263.0,4,0.04
1.275.215.0,4,0.04
1.269.1304.0,4,0.04
1.273.313.0,4,0.04
1.273.925.0,4,0.04
1.275.535.0,4,0.04
1.273.1629.0,4,0.04
1.275.599.0,4,0.04
1.271.1054.0,4,0.04
1.275.146.0,4,0.04
1.275.1550.0,4,0.04
1.275.725.0,4,0.04
1.275.1346.0,4,0.04
1.273.283.0,4,0.04
1.273.1729.0,4,0.04
1.271.322.0,4,0.04
1.275.569.0,4,0.04
1.273.1589.0,4,0.04
1.275.792.0,4,0.04
1.275.1414.0,4,0.04
1.275.486.0,4,0.04
1.275.1744.0,4,0.04
1.273.1369.0,4,0.04
1.275.5.0,4,0.04
1.277.15.0,4,0.04
1.275.177.0,4,0.04
1.275.1338.0,4,0.04
1.269.1786.0,4,0.04
1.273.459.0,4,0.04
1.275.864.0,4,0.04
1.273.591.0,4,0.04
1.273.706.0,3,0.03
1.273.1104.0,3,0.03
1.271.420.0,3,0.03
1.273.430.0,3,0.03
1.273.638.0,3,0.03
1.277.2.0,3,0.03
1.275.209.0,3,0.03
1.275.79.0,3,0.03
1.267.15.0,3,0.03
1.273.740.0,3,0.03
1.277.20.0,3,0.03
1.275.463.0,3,0.03
1.273.1273.0,3,0.03
1.273.1870.0,3,0.03
1.275.466.0,3,0.03
1.275.180.0,3,0.03
1.273.422.0,3,0.03
1.275.611.0,3,0.03
1.271.1129.0,3,0.03
1.273.163.0,3,0.03
1.271.771.0,3,0.03
1.275.877.0,3,0.03
1.271.849.0,3,0.03
1.267.1569.0,3,0.03
1.275.891.0,3,0.03
1.271.670.0,3,0.03
1.267.386.0,3,0.03
1.275.566.0,3,0.03
1.273.857.0,3,0.03
1.273.689.0,3,0.03
1.275.975.0,3,0.03
1.273.1677.0,3,0.03
1.273.1031.0,3,0.03
1.275.835.0,3,0.03
1.267.1090.0,3,0.03
1.269.1557.0,3,0.03
1.275.1765.0,3,0.03
1.275.459.0,3,0.03
1.273.416.0,3,0.03
1.273.568.0,3,0.03
1.273.205.0,3,0.03
1.271.358.0,3,0.03
1.275.348.0,3,0.03
1.261.1428.0,3,0.03
1.271.1119.0,3,0.03
1.275.1656.0,3,0.03
1.269.277.0,3,0.03
1.271.907.0,3,0.03
1.271.555.0,3,0.03
1.275.704.0,3,0.03
1.275.363.0,3,0.03
1.275.559.0,3,0.03
1.269.1953.0,3,0.03
1.275.410.0,3,0.03
1.267.1158.0,3,0.03
1.269.840.0,3,0.03
1.271.92.0,3,0.03
1.267.991.0,3,0.03
1.275.342.0,3,0.03
1.275.431.0,3,0.03
1.269.1577.0,3,0.03
1.263.598.0,3,0.03
1.275.1540.0,3,0.03
1.275.490.0,3,0.03
1.275.758.0,3,0.03
1.275.1776.0,3,0.03
1.271.328.0,3,0.03
1.275.1567.0,3,0.03
1.273.46.0,3,0.03
1.275.360.0,3,0.03
1.271.623.0,3,0.03
1.269.412.0,3,0.03
1.273.39.0,3,0.03
1.271.825.0,3,0.03
1.275.1741.0,3,0.03
1.271.1016.0,3,0.03
1.275.414.0,3,0.03
1.273.20.0,3,0.03
1.275.1691.0,3,0.03
1.275.1311.0,3,0.03
1.269.1889.0,3,0.03
1.275.284.0,3,0.03
1.275.1683.0,3,0.03
1.275.355.0,3,0.03
1.269.625.0,3,0.03
1.275.483.0,3,0.03
1.273.489.0,3,0.03
1.275.278.0,3,0.03
1.275.199.0,3,0.03
1.273.1336.0,2,0.02
1.267.840.0,2,0.02
1.261.1097.0,2,0.02
1.275.455.0,2,0.02
1.273.844.0,2,0.02
1.265.527.0,2,0.02
1.261.1353.0,2,0.02
1.269.1483.0,2,0.02
1.269.1391.0,2,0.02
1.271.240.0,2,0.02
1.271.679.0,2,0.02
1.257.36.0,2,0.02
1.267.1119.0,2,0.02
1.271.914.0,2,0.02
1.273.259.0,2,0.02
1.269.882.0,2,0.02
1.271.470.0,2,0.02
1.259.1613.0,2,0.02
1.275.850.0,2,0.02
1.273.94.0,2,0.02
1.271.1124.0,2,0.02
1.273.126.0,2,0.02
1.271.859.0,2,0.02
1.273.467.0,2,0.02
1.271.774.0,2,0.02
1.275.1794.0,2,0.02
1.271.1111.0,2,0.02
1.261.739.0,2,0.02
1.271.55.0,2,0.02
1.275.624.0,2,0.02
1.271.613.0,2,0.02
1.269.999.0,2,0.02
1.267.1727.0,2,0.02
1.267.1832.0,2,0.02
1.271.1085.0,2,0.02
1.273.110.0,2,0.02
1.273.438.0,2,0.02
1.271.764.0,2,0.02
1.269.846.0,2,0.02
1.275.935.0,2,0.02
1.271.826.0,2,0.02
1.261.1614.0,2,0.02
1.271.668.0,2,0.02
1.273.1253.0,2,0.02
1.275.615.0,2,0.02
1.275.561.0,2,0.02
1.271.894.0,2,0.02
1.269.569.0,2,0.02
1.267.615.0,2,0.02
1.267.1324.0,2,0.02
1.273.179.0,2,0.02
1.265.251.0,2,0.02
1.275.491.0,2,0.02
1.251.981.0,2,0.02
1.269.512.0,2,0.02
1.271.678.0,2,0.02
1.277.23.0,2,0.02
1.275.468.0,2,0.02
1.267.1164.0,2,0.02
1.257.257.0,2,0.02
1.271.1198.0,2,0.02
1.261.957.0,2,0.02
1.275.94.0,2,0.02
1.269.1192.0,2,0.02
1.269.611.0,2,0.02
1.269.1354.0,2,0.02
1.271.953.0,2,0.02
1.273.195.0,2,0.02
1.271.586.0,2,0.02
1.263.1800.0,2,0.02
1.263.1737.0,2,0.02
1.269.58.0,2,0.02
1.269.211.0,2,0.02
1.265.880.0,2,0.02
1.275.552.0,2,0.02
1.275.1236.0,2,0.02
1.271.114.0,2,0.02
1.269.1197.0,2,0.02
1.271.1044.0,2,0.02
1.273.413.0,2,0.02
1.265.549.0,2,0.02
1.275.1113.0,2,0.02
1.271.935.0,2,0.02
1.273.841.0,2,0.02
1.275.495.0,2,0.02
1.273.1679.0,2,0.02
1.269.1369.0,2,0.02
1.267.1375.0,2,0.02
1.273.463.0,2,0.02
1.271.1156.0,2,0.02
1.273.578.0,2,0.02
1.263.830.0,2,0.02
1.275.1003.0,2,0.02
1.273.1388.0,2,0.02
1.263.1607.0,2,0.02
1.255.252.0,2,0.02
1.273.1304.0,2,0.02
1.263.1989.0,2,0.02
1.275.1384.0,2,0.02
1.273.499.0,2,0.02
1.263.585.0,2,0.02
1.265.768.0,2,0.02
1.271.928.0,2,0.02
1.275.1739.0,2,0.02
1.271.1162.0,2,0.02
1.269.768.0,2,0.02
1.265.485.0,2,0.02
1.267.1906.0,2,0.02
1.273.765.0,2,0.02
1.269.1646.0,2,0.02
1.269.1243.0,2,0.02
1.271.326.0,2,0.02
1.267.1272.0,2,0.02
1.277.64.0,2,0.02
1.275.720.0,2,0.02
1.271.1015.0,2,0.02
1.267.1508.0,2,0.02
1.271.253.0,2,0.02
1.249.1077.0,2,0.02
1.269.153.0,2,0.02
1.267.1645.0,2,0.02
1.269.920.0,2,0.02
1.275.641.0,2,0.02
1.269.1807.0,2,0.02
1.267.1562.0,2,0.02
1.273.170.0,2,0.02
1.271.738.0,2,0.02
1.273.177.0,2,0.02
1.265.444.0,2,0.02
1.273.1165.0,2,0.02
1.273.848.0,2,0.02
1.271.891.0,2,0.02
1.273.152.0,2,0.02
1.273.1259.0,2,0.02
1.263.1843.0,2,0.02
1.273.1162.0,2,0.02
1.269.641.0,2,0.02
1.273.410.0,2,0.02
1.267.1055.0,2,0.02
1.275.390.0,2,0.02
1.269.1283.0,2,0.02
1.269.518.0,2,0.02
1.273.202.0,2,0.02
1.271.511.0,2,0.02
1.269.24.0,2,0.02
1.273.1685.0,2,0.02
1.269.1773.0,2,0.02
1.271.913.0,2,0.02
1.267.1013.0,2,0.02
1.261.191.0,2,0.02
1.269.1505.0,2,0.02
1.275.1685.0,2,0.02
1.277.58.0,2,0.02
1.271.815.0,2,0.02
1.275.826.0,2,0.02
1.253.1089.0,2,0.02
1.275.638.0,2,0.02
1.277.18.0,2,0.02
1.273.1267.0,2,0.02
1.257.121.0,2,0.02
1.275.543.0,2,0.02
1.277.13.0,2,0.02
1.275.1051.0,2,0.02
1.275.538.0,2,0.02
1.271.650.0,2,0.02
1.273.750.0,2,0.02
1.275.573.0,2,0.02
1.263.740.0,2,0.02
1.275.861.0,2,0.02
1.269.1091.0,2,0.02
1.267.1290.0,2,0.02
1.245.1167.0,1,0.01
1.265.36.0,1,0.01
1.261.391.0,1,0.01
1.257.334.0,1,0.01
1.269.738.0,1,0.01
1.269.1776.0,1,0.01
1.261.1321.0,1,0.01
1.261.1143.0,1,0.01
1.269.1251.0,1,0.01
1.271.931.0,1,0.01
1.261.1079.0,1,0.01
1.259.302.0,1,0.01
1.257.660.0,1,0.01
1.271.252.0,1,0.01
1.269.679.0,1,0.01
1.265.270.0,1,0.01
1.269.945.0,1,0.01
1.269.1231.0,1,0.01
1.251.495.0,1,0.01
1.265.737.0,1,0.01
1.267.472.0,1,0.01
1.273.58.0,1,0.01
1.269.1109.0,1,0.01
1.271.19.0,1,0.01
1.269.1329.0,1,0.01
1.265.200.0,1,0.01
1.245.1225.0,1,0.01
1.271.246.0,1,0.01
1.267.1242.0,1,0.01
1.269.1834.0,1,0.01
1.267.522.0,1,0.01
1.257.862.0,1,0.01
1.273.808.0,1,0.01
1.237.1219.0,1,0.01
1.271.666.0,1,0.01
1.263.1564.0,1,0.01
1.239.194.0,1,0.01
1.263.218.0,1,0.01
1.259.1006.0,1,0.01
1.261.293.0,1,0.01
1.275.1429.0,1,0.01
1.267.1879.0,1,0.01
1.271.638.0,1,0.01
1.263.1951.0,1,0.01
1.253.703.0,1,0.01
1.271.127.0,1,0.01
1.269.708.0,1,0.01
1.263.859.0,1,0.01
1.261.1503.0,1,0.01
1.271.193.0,1,0.01
1.257.560.0,1,0.01
1.271.921.0,1,0.01
1.273.466.0,1,0.01
1.275.642.0,1,0.01
1.267.1076.0,1,0.01
1.257.100.0,1,0.01
1.249.456.0,1,0.01
1.249.1225.0,1,0.01
1.247.798.0,1,0.01
1.267.898.0,1,0.01
1.267.913.0,1,0.01
1.265.51.0,1,0.01
1.273.160.0,1,0.01
1.267.425.0,1,0.01
1.271.663.0,1,0.01
1.271.1028.0,1,0.01
1.259.1496.0,1,0.01
1.265.295.0,1,0.01
1.237.434.0,1,0.01
1.271.608.0,1,0.01
1.271.1002.0,1,0.01
1.275.702.0,1,0.01
1.263.1892.0,1,0.01
1.261.351.0,1,0.01
1.275.588.0,1,0.01
1.273.149.0,1,0.01
1.275.1642.0,1,0.01
1.259.809.0,1,0.01
1.199.1615.0,1,0.01
1.257.1228.0,1,0.01
1.259.1780.0,1,0.01
1.269.877.0,1,0.01
1.271.661.0,1,0.01
1.265.3.0,1,0.01
1.229.426.0,1,0.01
1.265.269.0,1,0.01
1.251.1225.0,1,0.01
1.271.1047.0,1,0.01
1.267.571.0,1,0.01
1.241.35.0,1,0.01
1.265.299.0,1,0.01
1.267.143.0,1,0.01
1.263.176.0,1,0.01
1.269.392.0,1,0.01
1.259.1155.0,1,0.01
1.267.1250.0,1,0.01
1.275.640.0,1,0.01
1.267.1197.0,1,0.01
1.269.1410.0,1,0.01
1.249.712.0,1,0.01
1.231.55.0,1,0.01
1.271.360.0,1,0.01
1.249.1244.0,1,0.01
1.271.501.0,1,0.01
1.235.1063.0,1,0.01
1.269.181.0,1,0.01
1.267.910.0,1,0.01
1.263.454.0,1,0.01
1.251.618.0,1,0.01
1.263.1913.0,1,0.01
1.261.1632.0,1,0.01
1.269.1747.0,1,0.01
1.269.1914.0,1,0.01
1.269.341.0,1,0.01
1.271.1133.0,1,0.01
1.259.272.0,1,0.01
1.267.267.0,1,0.01
1.271.751.0,1,0.01
1.237.1231.0,1,0.01
1.267.804.0,1,0.01
1.245.232.0,1,0.01
1.249.675.0,1,0.01
1.275.1480.0,1,0.01
1.265.49.0,1,0.01
1.267.883.0,1,0.01
1.275.470.0,1,0.01
1.251.1078.0,1,0.01
1.269.345.0,1,0.01
1.269.1248.0,1,0.01
1.263.1092.0,1,0.01
1.271.1117.0,1,0.01
1.271.403.0,1,0.01
1.257.1160.0,1,0.01
1.259.1583.0,1,0.01
1.265.522.0,1,0.01
1.263.433.0,1,0.01
1.273.131.0,1,0.01
1.263.1587.0,1,0.01
1.275.1694.0,1,0.01
1.269.940.0,1,0.01
1.269.1690.0,1,0.01
1.269.1522.0,1,0.01
1.235.1812.0,1,0.01
1.257.1349.0,1,0.01
1.271.47.0,1,0.01
1.269.1501.0,1,0.01
1.275.604.0,1,0.01
1.251.705.0,1,0.01
1.271.721.0,1,0.01
1.269.814.0,1,0.01
1.261.417.0,1,0.01
1.273.167.0,1,0.01
1.257.1451.0,1,0.01
1.253.1005.0,1,0.01
1.277.62.0,1,0.01
1.269.1828.0,1,0.01
1.269.405.0,1,0.01
1.263.1766.0,1,0.01
1.261.104.0,1,0.01
1.269.261.0,1,0.01
1.235.638.0,1,0.01
1.257.366.0,1,0.01
1.269.499.0,1,0.01
1.253.454.0,1,0.01
1.271.1031.0,1,0.01
1.251.1412.0,1,0.01
1.259.527.0,1,0.01
1.275.883.0,1,0.01
1.273.154.0,1,0.01
1.269.1107.0,1,0.01
1.275.582.0,1,0.01
1.239.1350.0,1,0.01
1.247.221.0,1,0.01
1.267.208.0,1,0.01
1.231.848.0,1,0.01
1.267.1681.0,1,0.01
1.259.975.0,1,0.01
1.267.916.0,1,0.01
1.265.374.0,1,0.01
1.269.427.0,1,0.01
1.225.1232.0,1,0.01
1.247.1082.0,1,0.01
1.269.634.0,1,0.01
1.275.339.0,1,0.01
1.251.395.0,1,0.01
1.263.1540.0,1,0.01
1.251.738.0,1,0.01
1.271.417.0,1,0.01
1.251.430.0,1,0.01
1.247.388.0,1,0.01
1.267.960.0,1,0.01
1.267.497.0,1,0.01
1.269.1538.0,1,0.01
1.271.294.0,1,0.01
1.275.540.0,1,0.01
1.251.420.0,1,0.01
1.259.1075.0,1,0.01
1.265.699.0,1,0.01
1.271.243.0,1,0.01
1.233.1316.0,1,0.01
1.269.629.0,1,0.01
1.261.1597.0,1,0.01
1.267.98.0,1,0.01
1.261.1626.0,1,0.01
1.237.832.0,1,0.01
1.253.1069.0,1,0.01
1.265.202.0,1,0.01
1.233.2236.0,1,0.01
1.263.638.0,1,0.01
1.267.1454.0,1,0.01
1.267.79.0,1,0.01
1.261.76.0,1,0.01
1.239.450.0,1,0.01
1.261.521.0,1,0.01
1.271.778.0,1,0.01
1.269.1188.0,1,0.01
1.259.941.0,1,0.01
1.261.1596.0,1,0.01
1.251.911.0,1,0.01
1.269.1293.0,1,0.01
1.275.943.0,1,0.01
1.261.232.0,1,0.01
1.263.423.0,1,0.01
1.245.890.0,1,0.01
1.275.1500.0,1,0.01
1.267.784.0,1,0.01
1.267.1462.0,1,0.01
1.223.2483.0,1,0.01
1.261.1173.0,1,0.01
1.253.808.0,1,0.01
1.269.337.0,1,0.01
1.225.3275.0,1,0.01
1.273.37.0,1,0.01
1.267.675.0,1,0.01
1.259.60.0,1,0.01
1.237.1284.0,1,0.01
1.269.901.0,1,0.01
1.253.841.0,1,0.01
1.269.1415.0,1,0.01
1.271.491.0,1,0.01
1.271.811.0,1,0.01
1.267.90.0,1,0.01
1.269.287.0,1,0.01
1.245.802.0,1,0.01
1.273.123.0,1,0.01
1.269.408.0,1,0.01
1.245.1008.0,1,0.01
1.263.278.0,1,0.01
1.225.3129.0,1,0.01
1.273.198.0,1,0.01
1.271.736.0,1,0.01
1.271.116.0,1,0.01
1.269.1919.0,1,0.01
1.239.1335.0,1,0.01
1.227.823.0,1,0.01
1.267.1520.0,1,0.01
1.271.699.0,1,0.01
1.241.745.0,1,0.01
1.271.1121.0,1,0.01
1.267.126.0,1,0.01
1.271.925.0,1,0.01
1.261.1134.0,1,0.01
1.241.1031.0,1,0.01
1.265.74.0,1,0.01
1.251.34.0,1,0.01
1.275.804.0,1,0.01
1.267.1740.0,1,0.01
1.269.1113.0,1,0.01
1.257.565.0,1,0.01
1.271.1010.0,1,0.01
1.265.726.0,1,0.01
1.233.4218.0,1,0.01
1.267.1736.0,1,0.01
1.259.987.0,1,0.01
1.267.1513.0,1,0.01
1.261.682.0,1,0.01
1.271.351.0,1,0.01
1.271.452.0,1,0.01
1.267.1207.0,1,0.01
1.269.484.0,1,0.01
1.235.3236.0,1,0.01
1.261.885.0,1,0.01
1.269.1596.0,1,0.01
1.269.1363.0,1,0.01
1.259.1049.0,1,0.01
1.263.272.0,1,0.01
1.259.858.0,1,0.01
1.271.660.0,1,0.01
1.271.525.0,1,0.01
1.273.125.0,1,0.01
1.271.1097.0,1,0.01
1.245.82.0,1,0.01
1.271.876.0,1,0.01
1.271.677.0,1,0.01
1.269.488.0,1,0.01
1.253.1013.0,1,0.01
1.269.1335.0,1,0.01
1.269.1882.0,1,0.01
1.265.378.0,1,0.01
1.273.191.0,1,0.01
1.227.721.0,1,0.01
1.267.151.0,1,0.01
1.233.3850.0,1,0.01
1.275.1525.0,1,0.01
1.261.1275.0,1,0.01
1.271.460.0,1,0.01
1.267.1142.0,1,0.01
1.271.1074.0,1,0.01
1.241.257.0,1,0.01
1.261.1406.0,1,0.01
1.259.517.0,1,0.01
1.271.332.0,1,0.01
1.245.627.0,1,0.01
1.265.684.0,1,0.01
1.273.262.0,1,0.01
1.269.1474.0,1,0.01
1.269.491.0,1,0.01
1.273.43.0,1,0.01
1.271.235.0,1,0.01
1.231.821.0,1,0.01
1.273.114.0,1,0.01
1.271.659.0,1,0.01
1.259.956.0,1,0.01
1.259.1293.0,1,0.01
1.259.1232.0,1,0.01
1.271.864.0,1,0.01
1.267.473.0,1,0.01
1.269.936.0,1,0.01
1.271.960.0,1,0.01
1.253.972.0,1,0.01
1.243.1015.0,1,0.01
1.245.822.0,1,0.01
1.239.300.0,1,0.01
1.253.469.0,1,0.01
1.261.548.0,1,0.01
1.271.345.0,1,0.01
1.261.204.0,1,0.01
1.269.1103.0,1,0.01
1.247.660.0,1,0.01
1.269.898.0,1,0.01
1.273.551.0,1,0.01
1.259.35.0,1,0.01
1.243.354.0,1,0.01
1.265.370.0,1,0.01
1.267.1516.0,1,0.01
1.271.204.0,1,0.01
1.261.1049.0,1,0.01
1.261.485.0,1,0.01
1.269.149.0,1,0.01
1.263.743.0,1,0.01
1.257.132.0,1,0.01
1.269.123.0,1,0.01
1.265.441.0,1,0.01
1.267.611.0,1,0.01
1.265.277.0,1,0.01
1.247.83.0,1,0.01
1.259.1117.0,1,0.01
1.269.178.0,1,0.01
1.243.477.0,1,0.01
1.239.252.0,1,0.01
1.263.800.0,1,0.01
1.267.790.0,1,0.01
1.255.155.0,1,0.01
1.265.524.0,1,0.01
1.261.1536.0,1,0.01
1.259.284.0,1,0.01
1.271.990.0,1,0.01
1.261.758.0,1,0.01
1.267.459.0,1,0.01
1.269.320.0,1,0.01
1.259.1769.0,1,0.01
1.273.254.0,1,0.01
1.227.254.0,1,0.01
1.263.954.0,1,0.01
1.271.757.0,1,0.01
1.253.151.0,1,0.01
1.271.532.0,1,0.01
1.269.958.0,1,0.01
1.275.443.0,1,0.01
1.267.1420.0,1,0.01
1.263.913.0,1,0.01
1.271.957.0,1,0.01
1.243.317.0,1,0.01
1.261.1515.0,1,0.01
1.269.423.0,1,0.01
1.249.1357.0,1,0.01
1.271.655.0,1,0.01
1.261.225.0,1,0.01
1.257.1337.0,1,0.01
1.269.544.0,1,0.01
1.261.1019.0,1,0.01
1.259.1753.0,1,0.01
1.259.125.0,1,0.01
1.267.1431.0,1,0.01
1.269.516.0,1,0.01
1.263.429.0,1,0.01
1.251.70.0,1,0.01
1.247.75.0,1,0.01
1.233.1637.0,1,0.01
1.273.142.0,1,0.01
1.251.36.0,1,0.01
1.267.1497.0,1,0.01
1.271.49.0,1,0.01
1.249.1333.0,1,0.01
1.271.629.0,1,0.01
1.249.430.0,1,0.01
1.253.973.0,1,0.01
1.223.2667.0,1,0.01
1.267.359.0,1,0.01
1.229.1617.0,1,0.01
1.249.28.0,1,0.01
1.269.268.0,1,0.01
1.267.503.0,1,0.01
1.271.987.0,1,0.01
1.271.900.0,1,0.01
1.275.441.0,1,0.01
1.249.993.0,1,0.01
1.233.1128.0,1,0.01
1.269.1053.0,1,0.01
1.249.1267.0,1,0.01
1.257.1215.0,1,0.01
1.265.560.0,1,0.01
1.235.2447.0,1,0.01
1.269.272.0,1,0.01
1.257.488.0,1,0.01
1.261.1378.0,1,0.01
1.263.944.0,1,0.01
1.259.676.0,1,0.01
1.267.56.0,1,0.01
1.267.1735.0,1,0.01
1.245.339.0,1,0.01
1.261.728.0,1,0.01
1.263.1067.0,1,0.01
1.239.214.0,1,0.01
1.243.544.0,1,0.01
1.229.202.0,1,0.01
1.269.1663.0,1,0.01
1.225.3982.0,1,0.01
1.271.1104.0,1,0.01
1.267.1702.0,1,0.01
1.253.427.0,1,0.01
1.269.1130.0,1,0.01
1.275.1286.0,1,0.01
1.267.1051.0,1,0.01
1.257.1116.0,1,0.01
1.263.1879.0,1,0.01
1.231.688.0,1,0.01
1.257.1094.0,1,0.01
1.271.78.0,1,0.01
1.267.1437.0,1,0.01
1.257.1303.0,1,0.01
1.269.1292.0,1,0.01
1.251.363.0,1,0.01
1.271.545.0,1,0.01
1.263.1029.0,1,0.01
1.259.723.0,1,0.01
1.263.500.0,1,0.01
1.269.521.0,1,0.01
1.251.409.0,1,0.01
1.271.22.0,1,0.01
1.269.224.0,1,0.01
1.261.566.0,1,0.01
1.229.1943.0,1,0.01
1.267.65.0,1,0.01
1.271.320.0,1,0.01
1.273.120.0,1,0.01
1.269.775.0,1,0.01
1.267.1884.0,1,0.01
1.257.774.0,1,0.01
1.269.793.0,1,0.01
1.267.943.0,1,0.01
1.273.144.0,1,0.01
1.269.1974.0,1,0.01
1.247.640.0,1,0.01
1.261.1718.0,1,0.01
1.273.157.0,1,0.01
1.267.1101.0,1,0.01
1.263.1897.0,1,0.01
1.271.598.0,1,0.01
1.271.992.0,1,0.01
1.259.298.0,1,0.01
1.271.120.0,1,0.01
1.269.730.0,1,0.01
1.265.99.0,1,0.01
1.261.1683.0,1,0.01
1.271.310.0,1,0.01
1.237.1160.0,1,0.01
1.241.200.0,1,0.01
1.275.819.0,1,0.01
1.271.362.0,1,0.01
1.271.903.0,1,0.01
1.269.435.0,1,0.01
1.259.447.0,1,0.01
1.271.656.0,1,0.01
1.273.477.0,1,0.01
1.255.74.0,1,0.01
1.271.874.0,1,0.01
1.229.1110.0,1,0.01
1.275.879.0,1,0.01
1.243.871.0,1,0.01
1.229.1207.0,1,0.01
1.267.129.0,1,0.01
1.251.696.0,1,0.01
1.259.654.0,1,0.01
1.233.2285.0,1,0.01
1.261.1202.0,1,0.01
1.267.1009.0,1,0.01
1.263.42.0,1,0.01
1.271.488.0,1,0.01
1.269.1961.0,1,0.01
1.271.799.0,1,0.01
1.269.744.0,1,0.01
1.261.1325.0,1,0.01
1.265.103.0,1,0.01
1.261.1527.0,1,0.01
1.249.1272.0,1,0.01
1.269.1089.0,1,0.01
1.271.708.0,1,0.01
1.269.142.0,1,0.01
1.269.698.0,1,0.01
1.269.1907.0,1,0.01
1.233.3203.0,1,0.01
1.261.65.0,1,0.01
1.269.1190.0,1,0.01
1.263.890.0,1,0.01
1.257.356.0,1,0.01
1.269.830.0,1,0.01
1.273.17.0,1,0.01
1.233.3338.0,1,0.01
1.233.4066.0,1,0.01
1.269.1752.0,1,0.01
1.263.94.0,1,0.01
1.269.520.0,1,0.01
1.263.482.0,1,0.01
1.267.643.0,1,0.01
1.269.669.0,1,0.01
1.269.1842.0,1,0.01
1.263.442.0,1,0.01
1.259.1607.0,1,0.01
1.271.704.0,1,0.01
1.261.510.0,1,0.01
1.243.868.0,1,0.01
1.245.423.0,1,0.01
1.251.740.0,1,0.01
1.249.269.0,1,0.01
1.267.942.0,1,0.01
1.269.909.0,1,0.01
1.247.865.0,1,0.01
1.263.1856.0,1,0.01
1.271.884.0,1,0.01
1.227.840.0,1,0.01
1.273.251.0,1,0.01
1.271.41.0,1,0.01
1.275.928.0,1,0.01
1.267.159.0,1,0.01
1.223.2229.0,1,0.01
1.229.876.0,1,0.01
1.269.694.0,1,0.01
1.257.1293.0,1,0.01
1.267.1263.0,1,0.01
1.251.331.0,1,0.01
1.275.940.0,1,0.01
1.267.1260.0,1,0.01
1.275.950.0,1,0.01
1.271.832.0,1,0.01
1.263.1926.0,1,0.01
1.251.852.0,1,0.01
1.235.1053.0,1,0.01
1.269.137.0,1,0.01
1.261.1676.0,1,0.01
1.221.14.0,1,0.01
1.227.2324.0,1,0.01
1.269.841.0,1,0.01
1.259.254.0,1,0.01
1.247.969.0,1,0.01
1.235.2094.0,1,0.01
1.261.1710.0,1,0.01
1.261.466.0,1,0.01
1.259.206.0,1,0.01
1.271.550.0,1,0.01
1.263.144.0,1,0.01
1.265.150.0,1,0.01
1.273.497.0,1,0.01
1.269.986.0,1,0.01
1.247.448.0,1,0.01
1.269.756.0,1,0.01
1.263.1863.0,1,0.01
1.263.692.0,1,0.01
1.269.239.0,1,0.01
1.267.373.0,1,0.01
1.251.122.0,1,0.01
1.265.517.0,1,0.01
1.233.719.0,1,0.01
1.261.1592.0,1,0.01
1.271.232.0,1,0.01
1.247.1004.0,1,0.01
1.257.938.0,1,0.01
1.261.252.0,1,0.01
1.259.1184.0,1,0.01
1.267.872.0,1,0.01
1.269.28.0,1,0.01
1.257.99.0,1,0.01
1.271.456.0,1,0.01
1.251.891.0,1,0.01
1.271.540.0,1,0.01
1.275.598.0,1,0.01
1.259.241.0,1,0.01
1.267.886.0,1,0.01
1.265.733.0,1,0.01
1.263.925.0,1,0.01
1.269.1574.0,1,0.01
1.263.305.0,1,0.01
1.265.826.0,1,0.01
1.265.194.0,1,0.01
1.267.1889.0,1,0.01
1.273.290.0,1,0.01
1.265.164.0,1,0.01
1.263.445.0,1,0.01
1.253.822.0,1,0.01
1.269.1650.0,1,0.01
1.271.916.0,1,0.01
1.241.551.0,1,0.01
1.265.315.0,1,0.01
1.271.769.0,1,0.01
1.273.138.0,1,0.01
1.227.1203.0,1,0.01
1.251.674.0,1,0.01
1.269.725.0,1,0.01
1.261.1721.0,1,0.01
1.243.140.0,1,0.01
1.259.670.0,1,0.01
1.257.1202.0,1,0.01
1.271.341.0,1,0.01
1.263.730.0,1,0.01
1.269.310.0,1,0.01
