Census_OSVersion,Count,Percentage
10.0.17134.228,1591,15.909999999999998
10.0.17134.165,980,9.8
10.0.16299.431,635,6.35
10.0.17134.285,505,5.050000000000001
10.0.16299.547,392,3.92
10.0.17134.112,389,3.8899999999999997
10.0.16299.371,386,3.8600000000000003
10.0.14393.2189,268,2.68
10.0.16299.611,258,2.58
10.0.16299.125,254,2.54
10.0.10240.17443,233,2.33
10.0.17134.191,212,2.12
10.0.10586.1176,210,2.1
10.0.16299.309,188,1.8800000000000001
10.0.16299.492,176,1.76
10.0.17134.286,176,1.76
10.0.16299.15,125,1.25
10.0.15063.1206,121,1.21
10.0.16299.192,120,1.2
10.0.17134.254,118,1.18
10.0.17134.1,111,1.11
10.0.15063.1266,110,1.0999999999999999
10.0.17134.167,93,0.9299999999999999
10.0.17134.137,84,0.84
10.0.17134.48,81,0.8099999999999999
10.0.16299.248,78,0.7799999999999999
10.0.15063.1088,65,0.65
10.0.14393.0,65,0.65
10.0.15063.0,65,0.65
10.0.14393.693,62,0.62
10.0.17134.81,55,0.5499999999999999
10.0.14393.2214,54,0.54
10.0.10586.0,51,0.51
10.0.15063.1324,47,0.47000000000000003
10.0.10586.164,47,0.47000000000000003
10.0.10586.318,46,0.45999999999999996
10.0.15063.674,46,0.45999999999999996
10.0.15063.1155,42,0.42
10.0.14393.1198,41,0.41000000000000003
10.0.15063.786,39,0.38999999999999996
10.0.15063.726,38,0.38
10.0.16299.665,37,0.37
10.0.14393.2007,36,0.36
10.0.15063.850,33,0.33
10.0.10586.545,33,0.33
10.0.10586.494,32,0.32
10.0.10586.420,32,0.32
10.0.14393.1770,29,0.29
10.0.10240.16384,28,0.27999999999999997
10.0.15063.483,28,0.27999999999999997
10.0.14393.447,28,0.27999999999999997
10.0.14393.953,27,0.27
10.0.16299.579,26,0.26
10.0.15063.909,26,0.26
10.0.14393.1066,26,0.26
10.0.16299.461,25,0.25
10.0.15063.608,25,0.25
10.0.14393.351,24,0.24
10.0.15063.540,24,0.24
10.0.15063.966,23,0.22999999999999998
10.0.10586.1106,23,0.22999999999999998
10.0.14393.1480,23,0.22999999999999998
10.0.10586.104,23,0.22999999999999998
10.0.14393.1593,21,0.21
10.0.14393.1944,21,0.21
10.0.14393.1358,20,0.2
10.0.16299.98,20,0.2
10.0.16299.214,19,0.19
10.0.10586.218,19,0.19
10.0.15063.1029,19,0.19
10.0.15063.332,18,0.18
10.0.14393.576,18,0.18
10.0.14393.1715,18,0.18
10.0.14393.2068,18,0.18
10.0.14393.1884,17,0.16999999999999998
10.0.14393.2125,17,0.16999999999999998
10.0.10586.753,17,0.16999999999999998
10.0.15063.250,16,0.16
10.0.16299.64,16,0.16
10.0.17134.319,15,0.15
10.0.16299.551,14,0.13999999999999999
10.0.10586.1045,14,0.13999999999999999
10.0.14393.321,13,0.13
10.0.16299.666,13,0.13
10.0.10586.589,12,0.12
10.0.16299.522,12,0.12
10.0.10586.122,12,0.12
10.0.14393.187,11,0.11
10.0.16299.334,11,0.11
10.0.10586.679,11,0.11
10.0.16299.251,10,0.1
10.0.14393.1914,10,0.1
10.0.15063.413,10,0.1
10.0.10586.633,9,0.09
10.0.10586.36,9,0.09
10.0.14393.5,8,0.08
10.0.10586.916,7,0.06999999999999999
10.0.10240.16405,7,0.06999999999999999
10.0.10586.1007,7,0.06999999999999999
10.0.14393.2363,7,0.06999999999999999
10.0.15063.632,7,0.06999999999999999
10.0.10586.63,7,0.06999999999999999
10.0.10586.14,7,0.06999999999999999
10.0.10586.962,7,0.06999999999999999
10.0.15063.502,6,0.06
10.0.17738.1000,6,0.06
10.0.15063.1112,6,0.06
10.0.16299.19,5,0.05
10.0.10586.3,5,0.05
10.0.15063.729,5,0.05
10.0.14393.222,5,0.05
10.0.14393.2485,5,0.05
10.0.16299.402,5,0.05
10.0.10586.71,5,0.05
10.0.15063.1235,5,0.05
10.0.14393.105,4,0.04
10.0.17692.1004,4,0.04
10.0.14393.479,4,0.04
10.0.14393.2430,4,0.04
10.0.15063.1209,4,0.04
10.0.10586.839,4,0.04
10.0.10586.873,4,0.04
10.0.15063.296,4,0.04
10.0.10586.29,3,0.03
10.0.14393.2248,3,0.03
10.0.17692.1000,3,0.03
10.0.10586.713,3,0.03
10.0.10240.17946,3,0.03
10.0.16299.637,3,0.03
10.0.15063.447,3,0.03
10.0.15063.994,3,0.03
10.0.15063.138,3,0.03
10.0.17744.1001,3,0.03
10.0.17746.1000,3,0.03
10.0.14393.2457,3,0.03
10.0.17744.1003,2,0.02
10.0.14393.2312,2,0.02
10.0.17134.83,2,0.02
10.0.15063.1292,2,0.02
10.0.10586.17,2,0.02
10.0.14393.970,2,0.02
10.0.10240.17146,2,0.02
10.0.15063.1182,2,0.02
10.0.17763.1,2,0.02
10.0.14393.82,2,0.02
10.0.15063.13,2,0.02
10.0.10240.17236,2,0.02
10.0.14393.2368,2,0.02
10.0.14393.969,2,0.02
10.0.15063.877,2,0.02
10.0.10240.16487,2,0.02
10.0.17754.1,1,0.01
10.0.10240.17797,1,0.01
10.0.10586.11,1,0.01
10.0.10240.16430,1,0.01
10.0.17661.1001,1,0.01
10.0.10240.16520,1,0.01
10.0.17751.1,1,0.01
10.0.14393.51,1,0.01
10.0.17760.1,1,0.01
10.0.10240.17976,1,0.01
10.0.10586.338,1,0.01
10.0.14393.2155,1,0.01
10.0.10240.17024,1,0.01
10.0.10240.17673,1,0.01
10.0.10240.17394,1,0.01
10.0.14393.1378,1,0.01
10.0.14393.223,1,0.01
10.0.14393.2273,1,0.01
10.0.15063.1058,1,0.01
10.0.15063.11,1,0.01
10.0.10586.112,1,0.01
10.0.10240.16445,1,0.01
10.0.10240.17190,1,0.01
10.0.10586.446,1,0.01
10.0.10240.17914,1,0.01
10.0.10240.17918,1,0.01
10.0.17134.5,1,0.01
10.0.10586.499,1,0.01
10.0.18234.1000,1,0.01
10.0.14393.726,1,0.01
