GeoNameIdentifier,Count,Percentage
277.0,1671,16.71
211.0,500,5.0
53.0,472,4.72
240.0,413,4.130000000000001
89.0,390,3.9
35.0,373,3.73
167.0,373,3.73
276.0,338,3.38
267.0,213,2.13
126.0,212,2.12
98.0,206,2.06
138.0,200,2.0
119.0,198,1.9800000000000002
255.0,196,1.96
10.0,173,1.73
57.0,165,1.6500000000000001
52.0,163,1.63
204.0,159,1.59
181.0,135,1.35
120.0,134,1.34
45.0,126,1.26
205.0,125,1.25
202.0,124,1.24
201.0,123,1.23
157.0,121,1.21
224.0,107,1.0699999999999998
258.0,97,0.97
129.0,97,0.97
117.0,93,0.9299999999999999
287.0,90,0.8999999999999999
274.0,89,0.89
68.0,85,0.8500000000000001
125.0,81,0.8099999999999999
15.0,81,0.8099999999999999
237.0,78,0.7799999999999999
251.0,74,0.74
101.0,69,0.69
209.0,57,0.5700000000000001
24.0,57,0.5700000000000001
115.0,56,0.5599999999999999
76.0,56,0.5599999999999999
16.0,52,0.52
252.0,50,0.5
275.0,48,0.48
64.0,46,0.45999999999999996
88.0,46,0.45999999999999996
77.0,43,0.43
71.0,43,0.43
39.0,43,0.43
230.0,42,0.42
192.0,41,0.41000000000000003
63.0,39,0.38999999999999996
234.0,36,0.36
107.0,35,0.35000000000000003
233.0,34,0.33999999999999997
150.0,34,0.33999999999999997
29.0,32,0.32
123.0,32,0.32
198.0,31,0.31
122.0,28,0.27999999999999997
114.0,26,0.26
81.0,26,0.26
78.0,25,0.25
23.0,22,0.22
75.0,22,0.22
144.0,22,0.22
282.0,21,0.21
184.0,21,0.21
134.0,21,0.21
121.0,21,0.21
194.0,19,0.19
200.0,18,0.18
30.0,17,0.16999999999999998
32.0,16,0.16
241.0,15,0.15
226.0,15,0.15
187.0,14,0.13999999999999999
21.0,13,0.13
143.0,12,0.12
133.0,11,0.11
140.0,10,0.1
178.0,10,0.1
207.0,10,0.1
264.0,10,0.1
185.0,10,0.1
38.0,7,0.06999999999999999
160.0,7,0.06999999999999999
145.0,7,0.06999999999999999
208.0,7,0.06999999999999999
111.0,7,0.06999999999999999
175.0,6,0.06
135.0,6,0.06
165.0,6,0.06
154.0,6,0.06
104.0,6,0.06
19.0,6,0.06
127.0,6,0.06
193.0,5,0.05
266.0,5,0.05
67.0,5,0.05
206.0,5,0.05
163.0,5,0.05
118.0,5,0.05
2.0,4,0.04
17.0,4,0.04
112.0,4,0.04
295.0,4,0.04
172.0,4,0.04
3.0,4,0.04
148.0,4,0.04
152.0,4,0.04
170.0,4,0.04
44.0,4,0.04
253.0,4,0.04
109.0,4,0.04
158.0,3,0.03
99.0,3,0.03
196.0,3,0.03
151.0,3,0.03
6.0,3,0.03
91.0,3,0.03
180.0,3,0.03
33.0,3,0.03
246.0,3,0.03
250.0,2,0.02
82.0,2,0.02
199.0,2,0.02
11.0,2,0.02
65.0,2,0.02
26.0,2,0.02
177.0,2,0.02
286.0,2,0.02
25.0,2,0.02
87.0,2,0.02
225.0,2,0.02
18.0,2,0.02
257.0,2,0.02
222.0,1,0.01
69.0,1,0.01
49.0,1,0.01
66.0,1,0.01
94.0,1,0.01
149.0,1,0.01
34.0,1,0.01
141.0,1,0.01
74.0,1,0.01
248.0,1,0.01
70.0,1,0.01
12.0,1,0.01
43.0,1,0.01
142.0,1,0.01
254.0,1,0.01
262.0,1,0.01
4.0,1,0.01
294.0,1,0.01
293.0,1,0.01
9.0,1,0.01
174.0,1,0.01
244.0,1,0.01
100.0,1,0.01
22.0,1,0.01
168.0,1,0.01
97.0,1,0.01
183.0,1,0.01
58.0,1,0.01
227.0,1,0.01
228.0,1,0.01
90.0,1,0.01
28.0,1,0.01
243.0,1,0.01
273.0,1,0.01
80.0,1,0.01
261.0,1,0.01
186.0,1,0.01
110.0,1,0.01
215.0,1,0.01
147.0,1,0.01
