OsBuildLab,Count,Percentage
17134.1.amd64fre.rs4_release.180410-1804,4027,40.27
16299.431.amd64fre.rs3_release_svc_escrow.180502-1908,1447,14.469999999999999
16299.15.amd64fre.rs3_release.170928-1534,1127,11.27
15063.0.amd64fre.rs2_release.170317-1834,774,7.739999999999999
17134.1.x86fre.rs4_release.180410-1804,277,2.77
16299.15.x86fre.rs3_release.170928-1534,264,2.64
14393.2189.amd64fre.rs1_release.180329-1711,234,2.34
10240.17443.amd64fre.th1.170602-2340,200,2.0
10586.1176.amd64fre.th2_release_sec.170913-1848,164,1.6400000000000001
15063.0.x86fre.rs2_release.170317-1834,61,0.61
9600.19101.amd64fre.winblue_ltsb_escrow.180718-1800,60,0.6
9600.19067.amd64fre.winblue_ltsb_escrow.180619-2033,58,0.58
14393.0.amd64fre.rs1_release.160715-1616,58,0.58
10586.1176.x86fre.th2_release_sec.170913-1848,55,0.5499999999999999
14393.2189.x86fre.rs1_release.180329-1711,49,0.49
14393.693.amd64fre.rs1_release.161220-1747,49,0.49
16299.637.amd64fre.rs3_release_svc.180808-1748,43,0.43
10240.17443.x86fre.th1.170602-2340,37,0.37
14393.2214.amd64fre.rs1_release_1.180402-1758,35,0.35000000000000003
10586.0.amd64fre.th2_release.151029-1700,35,0.35000000000000003
14393.2007.amd64fre.rs1_release.171231-1800,34,0.33999999999999997
14393.1198.amd64fre.rs1_release_sec.170427-1353,30,0.3
14393.1770.amd64fre.rs1_release.170917-1700,29,0.29
7601.24214.amd64fre.win7sp1_ldr_escrow.180801-1700,26,0.26
10240.16384.amd64fre.th1.150709-1700,25,0.25
9600.19125.amd64fre.winblue_ltsb.180812-0703,23,0.22999999999999998
7601.24168.amd64fre.win7sp1_ldr.180608-0600,21,0.21
14393.1066.amd64fre.rs1_release_sec.170327-1835,21,0.21
10586.1106.amd64fre.th2_release.170904-1742,20,0.2
9600.19035.amd64fre.winblue_ltsb_escrow.180522-1700,20,0.2
14393.953.amd64fre.rs1_release_inmarket.170303-1614,20,0.2
14393.351.amd64fre.rs1_release_inmarket.161014-1755,19,0.19
14393.2214.x86fre.rs1_release_1.180402-1758,19,0.19
14393.1944.amd64fre.rs1_release.171129-2100,19,0.19
10586.672.amd64fre.th2_release_sec.161024-1825,18,0.18
14393.1480.amd64fre.rs1_release.170706-2004,17,0.16999999999999998
14393.2068.amd64fre.rs1_release.180209-1727,17,0.16999999999999998
14393.1358.amd64fre.rs1_release.170602-2252,17,0.16999999999999998
14393.447.amd64fre.rs1_release_inmarket.161102-0100,16,0.16
14393.1794.amd64fre.rs1_release.171008-1615,14,0.13999999999999999
14393.1715.amd64fre.rs1_release_inmarket.170906-1810,14,0.13999999999999999
10586.162.amd64fre.th2_release_sec.160223-1728,14,0.13999999999999999
9600.19000.amd64fre.winblue_ltsb.180410-0600,14,0.13999999999999999
10586.545.amd64fre.th2_release.160802-1857,13,0.13
14393.1593.amd64fre.rs1_release.170731-1934,13,0.13
14393.576.amd64fre.rs1_release_inmarket.161208-2252,11,0.11
14393.2125.amd64fre.rs1_release.180301-2139,11,0.11
10586.420.amd64fre.th2_release_sec.160527-1834,11,0.11
14393.187.amd64fre.rs1_release_inmarket.160906-1818,10,0.1
10586.494.amd64fre.th2_release_sec.160630-1736,10,0.1
10586.306.amd64fre.th2_release_sec.160422-1850,9,0.09
14393.1914.amd64fre.rs1_release_inmarket.171117-1700,9,0.09
10586.1045.amd64fre.th2_release.170728-1941,9,0.09
10586.103.amd64fre.th2_release.160126-1819,9,0.09
16299.637.x86fre.rs3_release_svc.180808-1748,8,0.08
14393.321.amd64fre.rs1_release_inmarket.161004-2338,8,0.08
9600.18969.amd64fre.winblue_ltsb.180309-0600,7,0.06999999999999999
14393.2430.amd64fre.rs1_release_inmarket_aim.180806-1810,7,0.06999999999999999
9600.18821.amd64fre.winblue_ltsb.170914-0600,6,0.06
10586.839.amd64fre.th2_release.170303-1605,6,0.06
14393.2363.amd64fre.rs1_release.180625-1741,6,0.06
10586.11.amd64fre.th2_release.151112-1900,6,0.06
10586.1007.amd64fre.th2_release.170706-2002,6,0.06
14393.0.x86fre.rs1_release.160715-1616,6,0.06
10586.212.amd64fre.th2_release_sec.160328-1908,6,0.06
10586.916.amd64fre.th2_release_sec.170427-1350,5,0.05
16299.402.amd64fre.rs3_release_svc_escrow_im.180415-0955,5,0.05
7601.24214.x86fre.win7sp1_ldr_escrow.180801-1700,5,0.05
10586.103.x86fre.th2_release.160126-1819,5,0.05
7601.24168.x86fre.win7sp1_ldr.180608-0600,5,0.05
10586.633.amd64fre.th2_release.161004-1602,5,0.05
10586.63.amd64fre.th2_release.160104-1513,5,0.05
7601.24231.amd64fre.win7sp1_ldr.180810-0600,5,0.05
10586.1045.x86fre.th2_release.170728-1941,5,0.05
10586.162.x86fre.th2_release_sec.160223-1728,4,0.04
10586.1106.x86fre.th2_release.170904-1742,4,0.04
9600.19101.x86fre.winblue_ltsb_escrow.180718-1800,4,0.04
14393.693.x86fre.rs1_release.161220-1747,4,0.04
14393.2248.amd64fre.rs1_release.180427-1804,4,0.04
10240.17946.amd64fre.th1.180806-2045,4,0.04
17744.1001.amd64fre.rs5_release.180818-1845,4,0.04
9600.19067.x86fre.winblue_ltsb_escrow.180619-2033,4,0.04
17738.1000.amd64fre.rs5_release.180810-1706,4,0.04
10586.962.amd64fre.th2_release.170602-2241,4,0.04
10586.0.x86fre.th2_release.151029-1700,4,0.04
10586.122.amd64fre.th2_release_inmarket.160222-1549,4,0.04
14393.953.x86fre.rs1_release_inmarket.170303-1614,4,0.04
7601.24231.x86fre.win7sp1_ldr.180810-0600,4,0.04
14393.479.amd64fre.rs1_release.161110-2025,4,0.04
9600.18505.amd64fre.winblue_ltsb.160930-0600,4,0.04
7601.23915.amd64fre.win7sp1_ldr.170913-0600,4,0.04
10586.589.amd64fre.th2_release.160906-1759,4,0.04
14393.2125.x86fre.rs1_release.180301-2139,3,0.03
14393.1480.x86fre.rs1_release.170706-2004,3,0.03
7601.24094.amd64fre.win7sp1_ldr_escrow.180330-1600,3,0.03
17692.1000.amd64fre.rs_prerelease.180609-1317,3,0.03
10586.589.x86fre.th2_release.160906-1759,3,0.03
10240.16393.amd64fre.th1_st1.150717-1719,3,0.03
7601.23915.x86fre.win7sp1_ldr.170913-0600,3,0.03
14393.1198.x86fre.rs1_release_sec.170427-1353,3,0.03
14393.2457.amd64fre.rs1_release_inmarket.180822-1743,3,0.03
17692.1004.amd64fre.rs_prerelease_flt.180625-1624,3,0.03
10240.16393.x86fre.th1_st1.150717-1719,3,0.03
9600.18946.amd64fre.winblue_ltsb_escrow.180302-1800,3,0.03
9600.18589.amd64fre.winblue_ltsb.170204-0600,3,0.03
10586.17.amd64fre.th2_release.151121-2308,3,0.03
14393.2007.x86fre.rs1_release.171231-1800,3,0.03
7601.24150.x86fre.win7sp1_ldr_escrow.180528-1700,3,0.03
14393.447.x86fre.rs1_release_inmarket.161102-0100,3,0.03
14393.1715.x86fre.rs1_release_inmarket.170906-1810,3,0.03
14393.576.x86fre.rs1_release_inmarket.161208-2252,3,0.03
14393.103.amd64fre.rs1_release_inmarket.160819-1924,3,0.03
17713.1000.amd64fre.rs5_release.180706-1551,3,0.03
14393.1944.x86fre.rs1_release.171129-2100,2,0.02
14393.1914.x86fre.rs1_release_inmarket.171117-1700,2,0.02
17760.1.amd64fre.rs5_release.180911-1415,2,0.02
10586.306.x86fre.th2_release_sec.160422-1850,2,0.02
9600.18696.amd64fre.winblue_ltsb.170511-1554,2,0.02
10240.16384.x86fre.th1.150709-1700,2,0.02
17746.1000.amd64fre.rs5_release.180821-1736,2,0.02
10586.3.amd64fre.th2_release_sec.151104-1948,2,0.02
7601.23418.x86fre.win7sp1_ldr.160408-2045,2,0.02
14393.1358.x86fre.rs1_release.170602-2252,2,0.02
10586.672.x86fre.th2_release_sec.161024-1825,2,0.02
10586.839.x86fre.th2_release.170303-1605,2,0.02
9600.18730.amd64fre.winblue_ltsb.170613-0600,2,0.02
9600.18790.amd64fre.winblue_ltsb.170810-1616,2,0.02
9600.18931.amd64fre.winblue_ltsb.180201-0600,2,0.02
9600.18438.amd64fre.winblue_ltsb.160812-0914,2,0.02
7601.24150.amd64fre.win7sp1_ldr_escrow.180528-1700,2,0.02
10240.17146.amd64fre.th1_st1.160929-1748,2,0.02
14393.1066.x86fre.rs1_release_sec.170327-1835,2,0.02
7601.19135.amd64fre.win7sp1_gdr.160121-1718,2,0.02
14393.206.amd64fre.rs1_release.160915-0644,2,0.02
14393.82.amd64fre.rs1_release.160805-1735,2,0.02
14393.2368.amd64fre.rs1_release_inmarket_aim.180712-1833,2,0.02
14393.187.x86fre.rs1_release_inmarket.160906-1818,2,0.02
10240.17202.amd64fre.th1_st1.161118-1836,2,0.02
7601.24059.x86fre.win7sp1_ldr_escrow.180308-1637,2,0.02
14393.1593.x86fre.rs1_release.170731-1934,2,0.02
10586.545.x86fre.th2_release.160802-1857,2,0.02
7601.24117.amd64fre.win7sp1_ldr_escrow.180422-1430,2,0.02
10586.420.x86fre.th2_release_sec.160527-1834,2,0.02
10586.3.x86fre.th2_release_sec.151104-1948,2,0.02
10240.16515.amd64fre.th1.150916-2039,1,0.01
9600.18790.x86fre.winblue_ltsb.170810-1616,1,0.01
18219.1000.amd64fre.rs_prerelease.180810-1721,1,0.01
10240.16463.x86fre.th1.150819-1946,1,0.01
14393.726.amd64fre.rs1_release.170112-1758,1,0.01
14393.2363.x86fre.rs1_release.180625-1741,1,0.01
17754.1.amd64fre.rs5_release.180831-1429,1,0.01
7601.24117.x86fre.win7sp1_ldr_escrow.180422-1430,1,0.01
10240.17797.amd64fre.th1_st1.180228-1829,1,0.01
10586.1007.x86fre.th2_release.170706-2002,1,0.01
7601.18409.amd64fre.win7sp1_gdr.140303-2144,1,0.01
9600.18438.x86fre.winblue_ltsb.160812-0914,1,0.01
14393.2312.x86fre.rs1_release.180607-1919,1,0.01
17661.1001.amd64fre.rs_prerelease.180428-1349,1,0.01
9600.18758.amd64fre.winblue_ltsb.170707-0600,1,0.01
17751.1.amd64fre.rs5_release.180828-1428,1,0.01
10586.916.x86fre.th2_release_sec.170427-1350,1,0.01
7601.23864.x86fre.win7sp1_ldr.170707-0600,1,0.01
9600.18895.amd64fre.winblue_ltsb.180101-1800,1,0.01
9600.18258.amd64fre.winblue_ltsb.160303-0600,1,0.01
17692.1004.x86fre.rs_prerelease_flt.180625-1624,1,0.01
7601.23564.amd64fre.win7sp1_ldr.160930-0600,1,0.01
10586.11.x86fre.th2_release.151112-1900,1,0.01
9600.19125.x86fre.winblue_ltsb.180812-0703,1,0.01
10586.633.x86fre.th2_release.161004-1602,1,0.01
10240.17022.amd64fre.th1_st1.160623-1726,1,0.01
14393.2485.x86fre.rs1_release.180827-1809,1,0.01
10240.17918.amd64fre.th1_escrow.180712-1918,1,0.01
10240.17394.amd64fre.th1_st1.170427-1347,1,0.01
14393.2485.amd64fre.rs1_release.180827-1809,1,0.01
10240.17914.amd64fre.th1.180627-1911,1,0.01
9600.17085.amd64fre.winblue_gdr.140330-1035,1,0.01
10240.16431.amd64fre.th1.150810-2333,1,0.01
18234.1000.amd64fre.rs_prerelease.180831-1440,1,0.01
14393.1770.x86fre.rs1_release.170917-1700,1,0.01
17763.1.amd64fre.rs5_release.180914-1434,1,0.01
7601.24093.amd64fre.win7sp1_ldr_escrow.180327-2230,1,0.01
9600.18821.x86fre.winblue_ltsb.170914-0600,1,0.01
10240.17184.amd64fre.th1_st1.161024-1820,1,0.01
9600.19035.x86fre.winblue_ltsb_escrow.180522-1700,1,0.01
14393.2312.amd64fre.rs1_release.180607-1919,1,0.01
14393.223.amd64fre.rs1_release_inmarket_rim.161002-1903,1,0.01
10586.962.x86fre.th2_release.170602-2241,1,0.01
7601.19045.amd64fre.win7sp1_gdr.151019-1254,1,0.01
17746.1000.x86fre.rs5_release.180821-1736,1,0.01
7601.24094.x86fre.win7sp1_ldr_escrow.180330-1600,1,0.01
10240.16463.amd64fre.th1.150819-1946,1,0.01
14393.2155.amd64fre.rs1_release_1.180305-1842,1,0.01
10240.17976.amd64fre.th1.180905-1120,1,0.01
7601.23677.amd64fre.win7sp1_ldr.170209-0600,1,0.01
