,count,unique,top,freq,mean,std,min,25%,50%,75%,max,missing_values,missing_percentage
MachineIdentifier,100000,100000,02ae3461abfbddc3e8165f04865ea304,1,,,,,,,,0,0.0
ProductName,100000,2,win8defender,98880,,,,,,,,0,0.0
EngineVersion,100000,42,1.1.15200.1,43187,,,,,,,,0,0.0
AppVersion,100000,80,4.18.1807.18075,57932,,,,,,,,0,0.0
AvSigVersion,100000,4027,1.273.1420.0,1140,,,,,,,,0,0.0
IsBeta,100000.0,,,,0.0,0.0,0.0,0.0,0.0,0.0,0.0,0,0.0
RtpStateBitfield,99639.0,,,,6.845642770401148,1.025645118702805,0.0,7.0,7.0,7.0,8.0,361,0.361
IsSxsPassiveMode,100000.0,,,,0.01763,0.13160302539679342,0.0,0.0,0.0,0.0,1.0,0,0.0
DefaultBrowsersIdentifier,4890.0,,,,1637.0112474437628,999.936760362955,1.0,788.0,1632.0,2290.0,3195.0,95110,95.11
AVProductStatesIdentifier,99607.0,,,,47876.296023371855,14023.317478089919,39.0,49480.0,53447.0,53447.0,70486.0,393,0.393
AVProductsInstalled,99607.0,,,,1.3228086379471322,0.5194489675031688,1.0,1.0,1.0,2.0,5.0,393,0.393
AVProductsEnabled,99607.0,,,,1.0199885550212335,0.16283888629845286,0.0,1.0,1.0,1.0,4.0,393,0.393
HasTpm,100000.0,,,,0.98727,0.11210741626099281,0.0,1.0,1.0,1.0,1.0,0,0.0
CountryIdentifier,100000.0,,,,108.18805,62.98940580644353,1.0,51.0,97.0,162.0,222.0,0,0.0
CityIdentifier,96385.0,,,,81072.5753073611,48941.67895176399,7.0,36303.0,82373.0,123627.0,167953.0,3615,3.615
OrganizationIdentifier,69336.0,,,,24.88702838352371,5.642834578232427,1.0,18.0,27.0,27.0,52.0,30664,30.664
GeoNameIdentifier,99999.0,,,,169.91113911139112,89.27600085077721,1.0,89.0,181.0,267.0,295.0,1,0.001
LocaleEnglishNameIdentifier,100000.0,,,,123.11554,69.53963983315583,1.0,74.0,88.0,182.0,283.0,0,0.0
Platform,100000,4,windows10,96619,,,,,,,,0,0.0
Processor,100000,3,x64,90932,,,,,,,,0,0.0
OsVer,100000,11,10.0.0.0,96751,,,,,,,,0,0.0
OsBuild,100000.0,,,,15720.15524,2192.1227149812025,7600.0,15063.0,16299.0,17134.0,18237.0,0,0.0
OsSuite,100000.0,,,,574.45621,248.25310523430622,16.0,256.0,768.0,768.0,784.0,0,0.0
OsPlatformSubRelease,100000,9,rs4,43955,,,,,,,,0,0.0
OsBuildLab,99999,369,17134.1.amd64fre.rs4_release.180410-1804,41055,,,,,,,,1,0.001
SkuEdition,100000,8,Home,61635,,,,,,,,0,0.0
IsProtected,99609.0,,,,0.9448644198817376,0.22824585632586633,0.0,1.0,1.0,1.0,1.0,391,0.391
AutoSampleOptIn,100000.0,,,,3e-05,0.005477170801977586,0.0,0.0,0.0,0.0,1.0,0,0.0
PuaMode,31,1,on,31,,,,,,,,99969,99.969
SMode,94068.0,,,,0.0003508100523025896,0.018726737907742666,0.0,0.0,0.0,0.0,1.0,5932,5.9319999999999995
IeVerIdentifier,99335.0,,,,126.59686918004732,42.648674930831326,1.0,111.0,117.0,137.0,429.0,665,0.6649999999999999
SmartScreen,64269,11,RequireAdmin,48288,,,,,,,,35731,35.731
Firewall,98924.0,,,,0.9773260280619466,0.14886264456147,0.0,1.0,1.0,1.0,1.0,1076,1.076
UacLuaenable,99884.0,,,,0.996215610107725,0.34161709064858653,0.0,1.0,1.0,1.0,48.0,116,0.116
Census_MDC2FormFactor,100000,12,Notebook,64118,,,,,,,,0,0.0
Census_DeviceFamily,100000,2,Windows.Desktop,99861,,,,,,,,0,0.0
Census_OEMNameIdentifier,98946.0,,,,2216.7150769106383,1317.8454446147766,74.0,1443.0,2102.0,2668.0,6144.0,1054,1.054
Census_OEMModelIdentifier,98853.0,,,,239080.05356438347,72048.8274057667,23.0,189586.0,246974.0,304861.0,345494.0,1147,1.147
Census_ProcessorCoreCount,99524.0,,,,3.9886459547445843,2.0640721347895563,1.0,2.0,4.0,4.0,80.0,476,0.47600000000000003
Census_ProcessorManufacturerIdentifier,99524.0,,,,4.530555443913026,1.2882379032388973,1.0,5.0,5.0,5.0,10.0,476,0.47600000000000003
Census_ProcessorModelIdentifier,99523.0,,,,2370.5642012399144,841.604643381591,10.0,1998.0,2500.0,2874.0,4471.0,477,0.477
Census_ProcessorClass,427,3,mid,233,,,,,,,,99573,99.57300000000001
Census_PrimaryDiskTotalCapacity,99390.0,,,,512947.7462320153,362991.1373917667,10680.0,238475.0,476940.0,953869.0,22892657.0,610,0.61
Census_PrimaryDiskTypeName,99839,4,HDD,64800,,,,,,,,161,0.161
Census_SystemVolumeTotalCapacity,99390.0,,,,377128.4630043264,331518.018786676,10129.0,120743.0,249434.0,475968.0,22892041.0,610,0.61
Census_HasOpticalDiskDrive,100000.0,,,,0.07585,0.2647592840200786,0.0,0.0,0.0,0.0,1.0,0,0.0
Census_TotalPhysicalRAM,99079.0,,,,6112.640307229584,5126.889792356893,512.0,4096.0,4096.0,8192.0,524288.0,921,0.9209999999999999
Census_ChassisTypeName,99994,30,Notebook,58801,,,,,,,,6,0.006
Census_InternalPrimaryDiagonalDisplaySizeInInches,99470.0,,,,16.704980396099327,5.99729659973936,4.9,13.9,15.5,17.3,142.0,530,0.53
Census_InternalPrimaryDisplayResolutionHorizontal,99471.0,,,,1548.2238642418392,365.0644396940194,-1.0,1366.0,1366.0,1920.0,5760.0,529,0.529
Census_InternalPrimaryDisplayResolutionVertical,99471.0,,,,897.9192830071077,213.34533196640214,-1.0,768.0,768.0,1080.0,3000.0,529,0.529
Census_PowerPlatformRoleName,100000,9,Mobile,69269,,,,,,,,0,0.0
Census_InternalBatteryType,28760,22,lion,22535,,,,,,,,71240,71.24000000000001
Census_InternalBatteryNumberOfCharges,96951.0,,,,1128907206.6117008,1890561700.3667364,0.0,0.0,0.0,4294967295.0,4294967295.0,3049,3.049
Census_OSVersion,100000,260,10.0.17134.228,15709,,,,,,,,0,0.0
Census_OSArchitecture,100000,3,amd64,90936,,,,,,,,0,0.0
Census_OSBranch,100000,15,rs4_release,44999,,,,,,,,0,0.0
Census_OSBuildNumber,100000.0,,,,15834.70615,1960.6252354638373,10240.0,15063.0,16299.0,17134.0,18242.0,0,0.0
Census_OSBuildRevision,100000.0,,,,969.98524,2921.35627329003,0.0,165.0,285.0,547.0,17976.0,0,0.0
Census_OSEdition,100000,19,Core,38727,,,,,,,,0,0.0
Census_OSSkuName,100000,17,CORE,38725,,,,,,,,0,0.0
Census_OSInstallTypeName,100000,9,UUPUpgrade,29329,,,,,,,,0,0.0
Census_OSInstallLanguageIdentifier,99318.0,,,,14.622233633379649,10.205770587851763,1.0,8.0,9.0,20.0,39.0,682,0.6819999999999999
Census_OSUILocaleIdentifier,100000.0,,,,60.50777,45.02255001581226,5.0,31.0,34.0,92.0,161.0,0,0.0
Census_OSWUAutoUpdateOptionsName,100000,6,FullAuto,44127,,,,,,,,0,0.0
Census_IsPortableOperatingSystem,100000.0,,,,0.00077,0.02773832716922918,0.0,0.0,0.0,0.0,1.0,0,0.0
Census_GenuineStateName,100000,4,IS_GENUINE,88219,,,,,,,,0,0.0
Census_ActivationChannel,100000,6,Retail,52895,,,,,,,,0,0.0
Census_IsFlightingInternal,16837.0,,,,0.0,0.0,0.0,0.0,0.0,0.0,0.0,83163,83.163
Census_IsFlightsDisabled,98187.0,,,,0.0,0.0,0.0,0.0,0.0,0.0,0.0,1813,1.813
Census_FlightRing,100000,7,Retail,93638,,,,,,,,0,0.0
Census_ThresholdOptIn,36262.0,,,,0.0003585020131266891,0.018931016153372237,0.0,0.0,0.0,0.0,1.0,63738,63.73799999999999
Census_FirmwareManufacturerIdentifier,97912.0,,,,401.71539749979576,221.67462566853897,9.0,142.0,500.0,556.0,1083.0,2088,2.088
Census_FirmwareVersionIdentifier,98167.0,,,,33056.529617896034,21224.208040994086,5.0,13154.0,33070.0,52458.0,72091.0,1833,1.833
Census_IsSecureBootEnabled,100000.0,,,,0.48499,0.4997771480089133,0.0,0.0,0.0,1.0,1.0,0,0.0
Census_IsWIMBootEnabled,36341.0,,,,0.0,0.0,0.0,0.0,0.0,0.0,0.0,63659,63.659
Census_IsVirtualDevice,99815.0,,,,0.006642288233231478,0.08122951646349008,0.0,0.0,0.0,0.0,1.0,185,0.185
Census_IsTouchEnabled,100000.0,,,,0.12542,0.331196196398983,0.0,0.0,0.0,0.0,1.0,0,0.0
Census_IsPenCapable,100000.0,,,,0.03715,0.18913020700655922,0.0,0.0,0.0,0.0,1.0,0,0.0
Census_IsAlwaysOnAlwaysConnectedCapable,99157.0,,,,0.05751485018707706,0.2328249103465863,0.0,0.0,0.0,0.0,1.0,843,0.843
Wdft_IsGamer,96585.0,,,,0.28160687477351554,0.44978499024486873,0.0,0.0,0.0,1.0,1.0,3415,3.415
Wdft_RegionIdentifier,96585.0,,,,7.850960294041518,4.565716497969814,1.0,3.0,10.0,11.0,15.0,3415,3.415
HasDetections,100000.0,,,,0.49928,0.5000019816160464,0.0,0.0,0.0,1.0,1.0,0,0.0
