Feature,UniqueValues,Mode,MissingPercentage,Entropy,Chi2,PValue
AppVersion,58,4.18.1807.18075,0.0,1.8686279904152423,187.36274734823738,8.410944890116886e-16
AvSigVersion,1661,1.273.1420.0,0.0,6.689598783962441,1765.5277891784094,0.035495021684625004
Census_ActivationChannel,6,Retail,0.0,0.9869741795191241,24.745603407159372,0.000156008199930133
Census_ChassisTypeName,23,Notebook,0.01,1.3683066175545788,83.47009176669204,4.31447442171721e-09
Census_DeviceFamily,2,Windows.Desktop,0.0,0.010598815801651515,3.6468697941294224,0.056174694379011215
Census_FlightRing,7,Retail,0.0,0.29825450733539377,3.670906080758591,0.7211098174689909
Census_GenuineStateName,4,IS_GENUINE,0.0,0.4266828619379938,15.855766724947678,0.0012138647499641633
Census_InternalBatteryType,14,Unknown,71.05,0.832874264517657,14.025547387209452,0.3720472612012225
Census_MDC2FormFactor,11,Notebook,0.0,1.111295821570664,71.54347045994776,2.230347728753012e-11
Census_OSArchitecture,3,amd64,0.0,0.3069597740065268,37.89651694924075,5.900324576272355e-09
Census_OSBranch,13,rs4_release,0.0,1.6953299315135302,28.50777042863062,0.004659276626517916
Census_OSEdition,15,Core,0.0,1.261299160737283,54.250560165678124,1.163888635328013e-06
Census_OSInstallTypeName,9,UUPUpgrade,0.0,1.8216531537375615,22.85407552491392,0.003556736243302885
Census_OSSkuName,14,CORE,0.0,1.2278026672906406,52.20635450819344,1.241274555185141e-06
Census_OSVersion,184,10.0.17134.228,0.0,3.719056728621556,214.5213437906064,0.05525272400081321
Census_OSWUAutoUpdateOptionsName,6,FullAuto,0.0,1.2136318654125622,20.010468801156843,0.0012440900302871168
Census_PowerPlatformRoleName,8,Mobile,0.0,0.8587406114804748,47.11483524489535,5.301394205305523e-08
Census_PrimaryDiskTypeName,5,HDD,0.14,0.8918618012013049,3.9425616940898522,0.413835086805339
Census_ProcessorClass,4,Unknown,99.59,0.03096114243315251,1.5630075487236128,0.6678063869627127
EngineVersion,36,1.1.15200.1,0.0,1.4049958922597883,188.5352183388091,6.121290673693682e-23
MachineIdentifier,10000,0000028988387b115f69f31a3bf04f09,0.0,9.21034037197618,10000.0,0.4952983945386835
OsBuildLab,205,17134.1.amd64fre.rs4_release.180410-1804,0.0,2.433755177285767,265.61952969845936,0.0023968678447742323
OsPlatformSubRelease,9,rs4,0.0,1.5187364538887183,21.73806553702022,0.005424923355923437
OsVer,3,10.0.0.0,0.0,0.15454183014149642,0.28719622736896394,0.8662358064311885
Platform,4,windows10,0.0,0.16509768381652268,5.029056058502037,0.16968183919628618
Processor,3,x64,0.0,0.3051158532454705,38.99166360923867,3.412462025283385e-09
ProductName,2,win8defender,0.0,0.055541515644448564,0.09244047484857774,0.7610972251513994
PuaMode,2,Unknown,99.97,0.002733473420491713,1.294150954890761,0.25528438945891335
SkuEdition,8,Home,0.0,0.7738901349449445,14.013738073964706,0.05093754725495545
SmartScreen,9,RequireAdmin,35.61,1.1488038903688833,550.7507867977803,8.960869731657239e-114
