,count,mean,std,min,25%,50%,75%,max
AVProductStatesIdentifier,10000.0,47816.19789368104,14049.181094021329,39.0,49480.0,53447.0,53447.0,70262.0
AVProductsEnabled,10000.0,1.0191574724172516,0.16290103115518043,0.0,1.0,1.0,1.0,4.0
AVProductsInstalled,10000.0,1.3169508525576732,0.5152378844761989,1.0,1.0,1.0,2.0,5.0
Census_FirmwareManufacturerIdentifier,10000.0,397.5722891566265,218.66330532586454,93.0,142.0,486.0,556.0,1081.0
Census_FirmwareVersionIdentifier,10000.0,32870.96097809475,20959.668559250127,727.0,13156.0,33060.0,52016.5,72070.0
Census_InternalBatteryNumberOfCharges,10000.0,1151681274.2582343,1872533300.5546603,0.0,0.0,0.0,4294967295.0,4294967295.0
Census_InternalPrimaryDiagonalDisplaySizeInInches,10000.0,16.777939698492464,5.9540019978465555,4.9,13.9,15.5,17.3,81.3
Census_InternalPrimaryDisplayResolutionHorizontal,10000.0,1550.934472361809,370.6190442694504,640.0,1366.0,1366.0,1920.0,5760.0
Census_InternalPrimaryDisplayResolutionVertical,10000.0,899.6473366834172,213.71781180041498,480.0,768.0,768.0,1080.0,2880.0
Census_OEMModelIdentifier,10000.0,238885.11077389985,72485.95586772218,150.0,189951.0,245968.5,304630.0,345356.0
Census_OEMNameIdentifier,10000.0,2226.6488480194016,1314.9002519361948,74.0,1443.0,2102.0,2668.0,5913.0
Census_OSBuildNumber,10000.0,15844.8797,1964.197177597891,10240.0,15063.0,16299.0,17134.0,17758.0
Census_OSBuildRevision,10000.0,959.7648,2893.352406309288,0.0,165.0,285.0,547.0,17976.0
Census_OSInstallLanguageIdentifier,10000.0,14.705751989523522,10.209024075463688,1.0,8.0,9.0,20.0,39.0
Census_OSUILocaleIdentifier,10000.0,60.8239,45.07979489284146,5.0,31.0,34.0,92.0,161.0
Census_PrimaryDiskTotalCapacity,10000.0,510857.71560740145,350191.42060102493,10680.0,244198.0,476940.0,953869.0,3815447.0
Census_ProcessorCoreCount,10000.0,4.0194857372438735,2.007691475103596,1.0,2.0,4.0,4.0,32.0
Census_ProcessorManufacturerIdentifier,10000.0,4.529329047810365,1.2895774086083884,1.0,5.0,5.0,5.0,10.0
Census_ProcessorModelIdentifier,10000.0,2373.448372840498,839.9596777657838,19.0,1998.0,2500.0,2883.0,4425.0
Census_SystemVolumeTotalCapacity,10000.0,376073.3930008046,320664.12656015967,10129.0,120737.5,249388.5,475969.25,2860311.0
Census_TotalPhysicalRAM,10000.0,6204.309749697213,4637.672147417746,1023.0,4096.0,4096.0,8192.0,65536.0
CityIdentifier,10000.0,81116.63720494957,48125.57080662498,41.0,37376.0,81116.63720494957,122028.0,167886.0
CountryIdentifier,10000.0,109.4875,62.980791530118125,1.0,51.0,97.0,164.0,222.0
DefaultBrowsersIdentifier,10000.0,302.5584,353.9700776492891,10.0,239.0,239.0,239.0,3195.0
GeoNameIdentifier,10000.0,172.2881,88.38853065655857,1.0,89.0,191.5,267.0,295.0
IeVerIdentifier,10000.0,126.2803022670025,41.469972218087904,41.0,111.0,126.28030226700253,137.0,337.0
OrganizationIdentifier,10000.0,25.5057,4.8534650634690255,1.0,27.0,27.0,27.0,52.0
OsBuild,10000.0,15745.965,2170.4631483170783,7601.0,15063.0,16299.0,17134.0,17758.0
OsSuite,10000.0,569.4944,249.48817527810564,16.0,256.0,768.0,768.0,768.0
RtpStateBitfield,10000.0,6.842364037728276,1.032493096599907,0.0,7.0,7.0,7.0,8.0
Wdft_RegionIdentifier,10000.0,7.863481580848211,4.5225749282398855,1.0,3.0,10.0,11.0,15.0
