CityIdentifier,Count,Percentage
130775.0,114,1.1400000000000001
82373.0,91,0.91
16668.0,88,0.88
10222.0,88,0.88
143782.0,85,0.8500000000000001
58607.0,74,0.74
92213.0,74,0.74
61668.0,70,0.7000000000000001
66202.0,67,0.67
66953.0,62,0.62
96401.0,61,0.61
74924.0,61,0.61
22656.0,58,0.58
136271.0,48,0.48
133897.0,43,0.43
37376.0,43,0.43
20710.0,43,0.43
122028.0,40,0.4
39800.0,40,0.4
143155.0,40,0.4
167.0,38,0.38
159247.0,37,0.37
95362.0,37,0.37
26735.0,36,0.36
77794.0,36,0.36
20805.0,36,0.36
90994.0,35,0.35000000000000003
67513.0,35,0.35000000000000003
75528.0,35,0.35000000000000003
860.0,31,0.31
86819.0,31,0.31
13354.0,31,0.31
87401.0,30,0.3
31735.0,30,0.3
62396.0,30,0.3
129332.0,30,0.3
117594.0,30,0.3
143726.0,29,0.29
98692.0,28,0.27999999999999997
124736.0,28,0.27999999999999997
7198.0,27,0.27
155216.0,26,0.26
77866.0,26,0.26
150207.0,26,0.26
165477.0,26,0.26
18964.0,25,0.25
10653.0,25,0.25
75425.0,25,0.25
3137.0,25,0.25
70124.0,25,0.25
142110.0,24,0.24
666.0,24,0.24
130897.0,24,0.24
84089.0,24,0.24
111347.0,24,0.24
64168.0,24,0.24
110905.0,23,0.22999999999999998
4785.0,23,0.22999999999999998
93305.0,23,0.22999999999999998
28621.0,23,0.22999999999999998
8957.0,23,0.22999999999999998
110910.0,23,0.22999999999999998
56441.0,23,0.22999999999999998
128739.0,23,0.22999999999999998
145233.0,23,0.22999999999999998
12607.0,22,0.22
148234.0,22,0.22
36825.0,22,0.22
68380.0,22,0.22
24282.0,22,0.22
7182.0,22,0.22
5433.0,21,0.21
56452.0,21,0.21
35625.0,20,0.2
9402.0,20,0.2
117751.0,19,0.19
108573.0,19,0.19
120697.0,19,0.19
109095.0,19,0.19
156810.0,18,0.18
145168.0,18,0.18
101182.0,18,0.18
144432.0,18,0.18
39821.0,18,0.18
164218.0,18,0.18
20691.0,18,0.18
115292.0,18,0.18
120917.0,18,0.18
108574.0,18,0.18
82904.0,17,0.16999999999999998
40292.0,17,0.16999999999999998
4251.0,17,0.16999999999999998
66064.0,17,0.16999999999999998
13563.0,17,0.16999999999999998
138590.0,16,0.16
142656.0,16,0.16
92776.0,16,0.16
855.0,16,0.16
97734.0,16,0.16
166872.0,16,0.16
70034.0,16,0.16
95303.0,16,0.16
72125.0,15,0.15
66673.0,15,0.15
152997.0,15,0.15
85219.0,15,0.15
87903.0,15,0.15
70564.0,15,0.15
121270.0,15,0.15
24475.0,15,0.15
41313.0,15,0.15
145029.0,15,0.15
76894.0,15,0.15
484.0,15,0.15
12644.0,14,0.13999999999999999
20321.0,14,0.13999999999999999
164633.0,14,0.13999999999999999
7470.0,14,0.13999999999999999
145160.0,14,0.13999999999999999
140628.0,14,0.13999999999999999
128794.0,13,0.13
90974.0,13,0.13
58714.0,13,0.13
97401.0,13,0.13
10146.0,13,0.13
134907.0,13,0.13
130783.0,13,0.13
137489.0,13,0.13
134580.0,13,0.13
56198.0,13,0.13
144018.0,13,0.13
923.0,12,0.12
98087.0,12,0.12
36049.0,12,0.12
117858.0,12,0.12
162990.0,12,0.12
7035.0,12,0.12
25179.0,12,0.12
100684.0,12,0.12
34983.0,11,0.11
10115.0,11,0.11
99156.0,11,0.11
13094.0,11,0.11
122547.0,11,0.11
115637.0,11,0.11
63213.0,11,0.11
83348.0,11,0.11
114672.0,10,0.1
1482.0,10,0.1
136125.0,10,0.1
4045.0,10,0.1
161840.0,10,0.1
51427.0,10,0.1
73478.0,10,0.1
21497.0,10,0.1
107225.0,10,0.1
130902.0,10,0.1
85844.0,10,0.1
156098.0,10,0.1
56312.0,10,0.1
2674.0,9,0.09
86515.0,9,0.09
103102.0,9,0.09
28410.0,9,0.09
82905.0,9,0.09
156861.0,9,0.09
134467.0,9,0.09
129210.0,9,0.09
66938.0,9,0.09
28973.0,9,0.09
87400.0,9,0.09
60233.0,9,0.09
122689.0,9,0.09
52261.0,9,0.09
13832.0,9,0.09
584.0,9,0.09
19515.0,9,0.09
76949.0,9,0.09
7092.0,9,0.09
116627.0,9,0.09
91296.0,9,0.09
109564.0,9,0.09
69788.0,8,0.08
164506.0,8,0.08
21124.0,8,0.08
28500.0,8,0.08
130352.0,8,0.08
130791.0,8,0.08
11950.0,8,0.08
66955.0,8,0.08
134350.0,8,0.08
2020.0,8,0.08
69164.0,8,0.08
85408.0,8,0.08
29356.0,8,0.08
900.0,8,0.08
147739.0,8,0.08
46055.0,8,0.08
23417.0,8,0.08
32121.0,8,0.08
64540.0,8,0.08
4999.0,8,0.08
57902.0,7,0.06999999999999999
32771.0,7,0.06999999999999999
88163.0,7,0.06999999999999999
13859.0,7,0.06999999999999999
37026.0,7,0.06999999999999999
113527.0,7,0.06999999999999999
65291.0,7,0.06999999999999999
32608.0,7,0.06999999999999999
153579.0,7,0.06999999999999999
11879.0,7,0.06999999999999999
79230.0,7,0.06999999999999999
110781.0,7,0.06999999999999999
134904.0,7,0.06999999999999999
49655.0,7,0.06999999999999999
109609.0,7,0.06999999999999999
95636.0,7,0.06999999999999999
131181.0,7,0.06999999999999999
143983.0,7,0.06999999999999999
67728.0,7,0.06999999999999999
91549.0,7,0.06999999999999999
122291.0,7,0.06999999999999999
86529.0,7,0.06999999999999999
133560.0,7,0.06999999999999999
128035.0,7,0.06999999999999999
81860.0,7,0.06999999999999999
12809.0,7,0.06999999999999999
119246.0,7,0.06999999999999999
87570.0,7,0.06999999999999999
103460.0,7,0.06999999999999999
68411.0,7,0.06999999999999999
157330.0,7,0.06999999999999999
99016.0,7,0.06999999999999999
57899.0,6,0.06
15483.0,6,0.06
163420.0,6,0.06
26081.0,6,0.06
66956.0,6,0.06
70670.0,6,0.06
99345.0,6,0.06
74423.0,6,0.06
58308.0,6,0.06
88504.0,6,0.06
19293.0,6,0.06
143466.0,6,0.06
8587.0,6,0.06
21576.0,6,0.06
153669.0,6,0.06
19691.0,6,0.06
114459.0,6,0.06
88464.0,6,0.06
27650.0,6,0.06
84682.0,6,0.06
56783.0,6,0.06
128117.0,6,0.06
97875.0,6,0.06
51330.0,6,0.06
116277.0,6,0.06
14596.0,6,0.06
146255.0,6,0.06
2116.0,6,0.06
115172.0,6,0.06
85981.0,6,0.06
83334.0,6,0.06
148602.0,6,0.06
143770.0,6,0.06
134683.0,6,0.06
150323.0,6,0.06
118532.0,6,0.06
114542.0,6,0.06
109371.0,6,0.06
101926.0,5,0.05
44036.0,5,0.05
27773.0,5,0.05
105853.0,5,0.05
70765.0,5,0.05
50966.0,5,0.05
108913.0,5,0.05
167707.0,5,0.05
151175.0,5,0.05
29385.0,5,0.05
35702.0,5,0.05
151013.0,5,0.05
136874.0,5,0.05
113864.0,5,0.05
142358.0,5,0.05
150343.0,5,0.05
144430.0,5,0.05
22586.0,5,0.05
93809.0,5,0.05
108804.0,5,0.05
10800.0,5,0.05
22881.0,5,0.05
80060.0,5,0.05
68082.0,5,0.05
54617.0,5,0.05
71550.0,5,0.05
29575.0,5,0.05
155225.0,5,0.05
118359.0,5,0.05
12807.0,5,0.05
38072.0,5,0.05
85280.0,5,0.05
102241.0,5,0.05
119079.0,5,0.05
137492.0,5,0.05
158210.0,5,0.05
65808.0,5,0.05
37761.0,5,0.05
130646.0,5,0.05
57244.0,5,0.05
5000.0,5,0.05
128223.0,5,0.05
155514.0,5,0.05
106830.0,5,0.05
2772.0,5,0.05
35460.0,5,0.05
120185.0,5,0.05
108495.0,5,0.05
97483.0,5,0.05
91905.0,5,0.05
27738.0,5,0.05
15034.0,5,0.05
2073.0,5,0.05
99864.0,5,0.05
54224.0,5,0.05
106860.0,5,0.05
135050.0,5,0.05
120733.0,5,0.05
16658.0,5,0.05
139390.0,5,0.05
143949.0,5,0.05
147039.0,5,0.05
116243.0,5,0.05
74071.0,5,0.05
113112.0,5,0.05
98922.0,5,0.05
34809.0,5,0.05
65859.0,5,0.05
38070.0,5,0.05
114562.0,5,0.05
5274.0,5,0.05
96055.0,5,0.05
22981.0,5,0.05
79544.0,4,0.04
1400.0,4,0.04
59882.0,4,0.04
70130.0,4,0.04
51356.0,4,0.04
73726.0,4,0.04
98527.0,4,0.04
135571.0,4,0.04
9927.0,4,0.04
73768.0,4,0.04
109927.0,4,0.04
155112.0,4,0.04
114474.0,4,0.04
18956.0,4,0.04
18706.0,4,0.04
154469.0,4,0.04
22565.0,4,0.04
147547.0,4,0.04
47749.0,4,0.04
82029.0,4,0.04
4608.0,4,0.04
48582.0,4,0.04
14590.0,4,0.04
113168.0,4,0.04
125291.0,4,0.04
139167.0,4,0.04
47798.0,4,0.04
31016.0,4,0.04
84032.0,4,0.04
137998.0,4,0.04
71768.0,4,0.04
164840.0,4,0.04
124014.0,4,0.04
92208.0,4,0.04
106750.0,4,0.04
49683.0,4,0.04
166857.0,4,0.04
142323.0,4,0.04
13680.0,4,0.04
88482.0,4,0.04
108263.0,4,0.04
86054.0,4,0.04
41538.0,4,0.04
5444.0,4,0.04
85446.0,4,0.04
134256.0,4,0.04
86567.0,4,0.04
67550.0,4,0.04
167182.0,4,0.04
74230.0,4,0.04
29686.0,4,0.04
114825.0,4,0.04
49822.0,4,0.04
128518.0,4,0.04
130901.0,4,0.04
100450.0,4,0.04
147283.0,4,0.04
127991.0,4,0.04
164323.0,4,0.04
92360.0,4,0.04
135532.0,4,0.04
152436.0,4,0.04
3167.0,4,0.04
138772.0,4,0.04
161857.0,4,0.04
58552.0,4,0.04
57143.0,4,0.04
78906.0,4,0.04
11589.0,4,0.04
7076.0,4,0.04
70599.0,4,0.04
122414.0,4,0.04
19756.0,4,0.04
114674.0,4,0.04
162935.0,4,0.04
20584.0,4,0.04
89520.0,4,0.04
140709.0,4,0.04
23787.0,4,0.04
37053.0,4,0.04
33336.0,4,0.04
103382.0,4,0.04
38263.0,4,0.04
175.0,4,0.04
70758.0,4,0.04
97998.0,4,0.04
160004.0,4,0.04
46938.0,4,0.04
84001.0,4,0.04
50032.0,4,0.04
3923.0,4,0.04
33804.0,4,0.04
29003.0,4,0.04
104901.0,4,0.04
100872.0,4,0.04
60626.0,4,0.04
23617.0,4,0.04
68662.0,4,0.04
89133.0,4,0.04
111352.0,4,0.04
106802.0,4,0.04
144733.0,4,0.04
86158.0,4,0.04
47755.0,4,0.04
97390.0,4,0.04
121082.0,4,0.04
15394.0,4,0.04
50996.0,4,0.04
128917.0,4,0.04
115291.0,4,0.04
45177.0,4,0.04
130855.0,4,0.04
38780.0,4,0.04
163380.0,4,0.04
72694.0,4,0.04
35688.0,4,0.04
83931.0,4,0.04
65823.0,4,0.04
65788.0,4,0.04
1187.0,4,0.04
15026.0,4,0.04
71471.0,4,0.04
30516.0,4,0.04
96384.0,3,0.03
29012.0,3,0.03
63245.0,3,0.03
79255.0,3,0.03
144886.0,3,0.03
147514.0,3,0.03
10989.0,3,0.03
63307.0,3,0.03
87132.0,3,0.03
114779.0,3,0.03
163010.0,3,0.03
24302.0,3,0.03
17265.0,3,0.03
108359.0,3,0.03
59205.0,3,0.03
20554.0,3,0.03
130558.0,3,0.03
88318.0,3,0.03
87917.0,3,0.03
33064.0,3,0.03
163130.0,3,0.03
73955.0,3,0.03
69366.0,3,0.03
109733.0,3,0.03
89936.0,3,0.03
26010.0,3,0.03
56723.0,3,0.03
11485.0,3,0.03
211.0,3,0.03
9922.0,3,0.03
142341.0,3,0.03
53589.0,3,0.03
114322.0,3,0.03
26380.0,3,0.03
152015.0,3,0.03
56636.0,3,0.03
87967.0,3,0.03
109370.0,3,0.03
80751.0,3,0.03
157093.0,3,0.03
12685.0,3,0.03
38026.0,3,0.03
1931.0,3,0.03
15656.0,3,0.03
7346.0,3,0.03
12848.0,3,0.03
119126.0,3,0.03
87169.0,3,0.03
145391.0,3,0.03
134641.0,3,0.03
165808.0,3,0.03
3820.0,3,0.03
68176.0,3,0.03
9097.0,3,0.03
65347.0,3,0.03
76601.0,3,0.03
147538.0,3,0.03
21419.0,3,0.03
127973.0,3,0.03
60463.0,3,0.03
115830.0,3,0.03
13695.0,3,0.03
144519.0,3,0.03
111321.0,3,0.03
73970.0,3,0.03
10148.0,3,0.03
97193.0,3,0.03
22888.0,3,0.03
145614.0,3,0.03
58351.0,3,0.03
147813.0,3,0.03
48750.0,3,0.03
38223.0,3,0.03
150712.0,3,0.03
141940.0,3,0.03
20602.0,3,0.03
148769.0,3,0.03
89579.0,3,0.03
72420.0,3,0.03
95183.0,3,0.03
1799.0,3,0.03
19709.0,3,0.03
82813.0,3,0.03
90928.0,3,0.03
13204.0,3,0.03
46969.0,3,0.03
78333.0,3,0.03
45975.0,3,0.03
5888.0,3,0.03
82455.0,3,0.03
138200.0,3,0.03
124631.0,3,0.03
29111.0,3,0.03
51860.0,3,0.03
73162.0,3,0.03
23468.0,3,0.03
165673.0,3,0.03
105626.0,3,0.03
105713.0,3,0.03
52065.0,3,0.03
62198.0,3,0.03
39195.0,3,0.03
108157.0,3,0.03
80688.0,3,0.03
63186.0,3,0.03
130243.0,3,0.03
10415.0,3,0.03
16152.0,3,0.03
143057.0,3,0.03
5063.0,3,0.03
69484.0,3,0.03
97542.0,3,0.03
164848.0,3,0.03
151170.0,3,0.03
110587.0,3,0.03
10421.0,3,0.03
65753.0,3,0.03
94018.0,3,0.03
25095.0,3,0.03
147284.0,3,0.03
40629.0,3,0.03
52242.0,3,0.03
73200.0,3,0.03
67490.0,3,0.03
142919.0,3,0.03
161606.0,3,0.03
152520.0,3,0.03
27227.0,3,0.03
91279.0,3,0.03
68856.0,3,0.03
43716.0,3,0.03
89994.0,3,0.03
101698.0,3,0.03
10338.0,3,0.03
112185.0,3,0.03
110116.0,3,0.03
93486.0,3,0.03
131869.0,3,0.03
10262.0,3,0.03
151167.0,3,0.03
54388.0,3,0.03
98411.0,3,0.03
153443.0,3,0.03
87994.0,3,0.03
31173.0,3,0.03
144275.0,3,0.03
157680.0,3,0.03
140057.0,3,0.03
114893.0,3,0.03
149560.0,3,0.03
128909.0,3,0.03
117555.0,3,0.03
114417.0,3,0.03
166248.0,3,0.03
113755.0,3,0.03
107047.0,3,0.03
21849.0,3,0.03
17004.0,3,0.03
29787.0,3,0.03
62544.0,3,0.03
118019.0,3,0.03
98755.0,3,0.03
52052.0,3,0.03
95614.0,3,0.03
110839.0,3,0.03
75118.0,3,0.03
165694.0,3,0.03
25097.0,3,0.03
8493.0,3,0.03
134309.0,3,0.03
66620.0,3,0.03
129061.0,3,0.03
142775.0,3,0.03
119607.0,3,0.03
16472.0,3,0.03
87265.0,3,0.03
144287.0,3,0.03
142797.0,3,0.03
37769.0,3,0.03
110673.0,3,0.03
117814.0,3,0.03
9053.0,3,0.03
27747.0,3,0.03
75732.0,3,0.03
127693.0,3,0.03
135558.0,3,0.03
98572.0,3,0.03
71555.0,3,0.03
114749.0,3,0.03
23687.0,3,0.03
160178.0,3,0.03
155006.0,3,0.03
22571.0,3,0.03
43330.0,3,0.03
117538.0,3,0.03
148513.0,3,0.03
54997.0,3,0.03
154248.0,2,0.02
222.0,2,0.02
2840.0,2,0.02
156954.0,2,0.02
64080.0,2,0.02
150086.0,2,0.02
29004.0,2,0.02
157039.0,2,0.02
13397.0,2,0.02
131768.0,2,0.02
67922.0,2,0.02
56957.0,2,0.02
53751.0,2,0.02
71739.0,2,0.02
20362.0,2,0.02
7923.0,2,0.02
80653.0,2,0.02
151244.0,2,0.02
157864.0,2,0.02
93992.0,2,0.02
161946.0,2,0.02
86899.0,2,0.02
50927.0,2,0.02
117229.0,2,0.02
11654.0,2,0.02
134662.0,2,0.02
29830.0,2,0.02
115386.0,2,0.02
155535.0,2,0.02
36202.0,2,0.02
110922.0,2,0.02
905.0,2,0.02
150515.0,2,0.02
158087.0,2,0.02
64663.0,2,0.02
154911.0,2,0.02
57974.0,2,0.02
232.0,2,0.02
72592.0,2,0.02
127580.0,2,0.02
112372.0,2,0.02
50831.0,2,0.02
36865.0,2,0.02
145725.0,2,0.02
155363.0,2,0.02
153330.0,2,0.02
77667.0,2,0.02
20280.0,2,0.02
11719.0,2,0.02
9621.0,2,0.02
101583.0,2,0.02
16280.0,2,0.02
143810.0,2,0.02
162958.0,2,0.02
10153.0,2,0.02
142813.0,2,0.02
142223.0,2,0.02
2458.0,2,0.02
56900.0,2,0.02
74977.0,2,0.02
66159.0,2,0.02
130361.0,2,0.02
154719.0,2,0.02
74463.0,2,0.02
5759.0,2,0.02
114138.0,2,0.02
75201.0,2,0.02
87470.0,2,0.02
157324.0,2,0.02
3252.0,2,0.02
10918.0,2,0.02
124633.0,2,0.02
85311.0,2,0.02
104890.0,2,0.02
112642.0,2,0.02
117828.0,2,0.02
164220.0,2,0.02
131986.0,2,0.02
79537.0,2,0.02
93237.0,2,0.02
44209.0,2,0.02
115194.0,2,0.02
165128.0,2,0.02
50306.0,2,0.02
165604.0,2,0.02
139101.0,2,0.02
28732.0,2,0.02
11078.0,2,0.02
99294.0,2,0.02
137053.0,2,0.02
128119.0,2,0.02
115772.0,2,0.02
58373.0,2,0.02
108407.0,2,0.02
99420.0,2,0.02
113307.0,2,0.02
40281.0,2,0.02
133976.0,2,0.02
28975.0,2,0.02
151265.0,2,0.02
76334.0,2,0.02
66470.0,2,0.02
31371.0,2,0.02
130748.0,2,0.02
150142.0,2,0.02
34710.0,2,0.02
145014.0,2,0.02
46355.0,2,0.02
157594.0,2,0.02
23838.0,2,0.02
130336.0,2,0.02
163072.0,2,0.02
595.0,2,0.02
52367.0,2,0.02
147157.0,2,0.02
146152.0,2,0.02
18938.0,2,0.02
133998.0,2,0.02
38695.0,2,0.02
162683.0,2,0.02
147902.0,2,0.02
60526.0,2,0.02
165206.0,2,0.02
27686.0,2,0.02
129358.0,2,0.02
37933.0,2,0.02
98478.0,2,0.02
29043.0,2,0.02
27699.0,2,0.02
107836.0,2,0.02
56978.0,2,0.02
83259.0,2,0.02
135108.0,2,0.02
106223.0,2,0.02
162553.0,2,0.02
78681.0,2,0.02
133046.0,2,0.02
132214.0,2,0.02
28341.0,2,0.02
28659.0,2,0.02
71241.0,2,0.02
145531.0,2,0.02
141480.0,2,0.02
35447.0,2,0.02
102973.0,2,0.02
134245.0,2,0.02
149657.0,2,0.02
161983.0,2,0.02
21321.0,2,0.02
34713.0,2,0.02
144176.0,2,0.02
69256.0,2,0.02
146833.0,2,0.02
119832.0,2,0.02
141840.0,2,0.02
103447.0,2,0.02
35058.0,2,0.02
152208.0,2,0.02
51933.0,2,0.02
82804.0,2,0.02
140785.0,2,0.02
122201.0,2,0.02
30507.0,2,0.02
167078.0,2,0.02
35217.0,2,0.02
20940.0,2,0.02
57234.0,2,0.02
63158.0,2,0.02
80810.0,2,0.02
92361.0,2,0.02
73440.0,2,0.02
50362.0,2,0.02
147557.0,2,0.02
139548.0,2,0.02
157198.0,2,0.02
28332.0,2,0.02
128918.0,2,0.02
144701.0,2,0.02
64863.0,2,0.02
104044.0,2,0.02
165307.0,2,0.02
82781.0,2,0.02
38721.0,2,0.02
103093.0,2,0.02
6148.0,2,0.02
165423.0,2,0.02
39233.0,2,0.02
142114.0,2,0.02
24689.0,2,0.02
93851.0,2,0.02
68966.0,2,0.02
149737.0,2,0.02
144677.0,2,0.02
106852.0,2,0.02
65366.0,2,0.02
84929.0,2,0.02
33321.0,2,0.02
106317.0,2,0.02
35829.0,2,0.02
11884.0,2,0.02
5914.0,2,0.02
88453.0,2,0.02
146627.0,2,0.02
157512.0,2,0.02
47325.0,2,0.02
105793.0,2,0.02
148654.0,2,0.02
2782.0,2,0.02
155061.0,2,0.02
107955.0,2,0.02
85820.0,2,0.02
84112.0,2,0.02
148375.0,2,0.02
629.0,2,0.02
128955.0,2,0.02
32894.0,2,0.02
66520.0,2,0.02
93134.0,2,0.02
1941.0,2,0.02
97645.0,2,0.02
97600.0,2,0.02
138736.0,2,0.02
72200.0,2,0.02
50961.0,2,0.02
89946.0,2,0.02
64569.0,2,0.02
81014.0,2,0.02
26593.0,2,0.02
143116.0,2,0.02
21408.0,2,0.02
46296.0,2,0.02
29167.0,2,0.02
149898.0,2,0.02
87729.0,2,0.02
129296.0,2,0.02
144619.0,2,0.02
11597.0,2,0.02
85526.0,2,0.02
82391.0,2,0.02
146963.0,2,0.02
142179.0,2,0.02
57993.0,2,0.02
87882.0,2,0.02
6009.0,2,0.02
142867.0,2,0.02
90247.0,2,0.02
15959.0,2,0.02
155656.0,2,0.02
90129.0,2,0.02
4938.0,2,0.02
91028.0,2,0.02
153227.0,2,0.02
124725.0,2,0.02
31706.0,2,0.02
30531.0,2,0.02
10353.0,2,0.02
27975.0,2,0.02
55352.0,2,0.02
142800.0,2,0.02
10447.0,2,0.02
111392.0,2,0.02
138204.0,2,0.02
27192.0,2,0.02
67563.0,2,0.02
88295.0,2,0.02
13295.0,2,0.02
98153.0,2,0.02
56961.0,2,0.02
147011.0,2,0.02
143055.0,2,0.02
75508.0,2,0.02
31143.0,2,0.02
150088.0,2,0.02
70315.0,2,0.02
99116.0,2,0.02
166187.0,2,0.02
98194.0,2,0.02
31881.0,2,0.02
144174.0,2,0.02
3117.0,2,0.02
136790.0,2,0.02
98699.0,2,0.02
43905.0,2,0.02
155405.0,2,0.02
27079.0,2,0.02
117337.0,2,0.02
46185.0,2,0.02
122013.0,2,0.02
157567.0,2,0.02
106469.0,2,0.02
155632.0,2,0.02
85696.0,2,0.02
128857.0,2,0.02
129122.0,2,0.02
11519.0,2,0.02
70692.0,2,0.02
112529.0,2,0.02
11061.0,2,0.02
101921.0,2,0.02
29369.0,2,0.02
145234.0,2,0.02
81765.0,2,0.02
6778.0,2,0.02
73870.0,2,0.02
103807.0,2,0.02
130053.0,2,0.02
19991.0,2,0.02
88196.0,2,0.02
23178.0,2,0.02
45300.0,2,0.02
3151.0,2,0.02
152917.0,2,0.02
2916.0,2,0.02
150617.0,2,0.02
52620.0,2,0.02
48787.0,2,0.02
108748.0,2,0.02
37252.0,2,0.02
115576.0,2,0.02
134942.0,2,0.02
71620.0,2,0.02
129622.0,2,0.02
134393.0,2,0.02
87944.0,2,0.02
163971.0,2,0.02
102476.0,2,0.02
148415.0,2,0.02
43526.0,2,0.02
2770.0,2,0.02
146743.0,2,0.02
116850.0,2,0.02
99370.0,2,0.02
108396.0,2,0.02
60861.0,2,0.02
142352.0,2,0.02
98472.0,2,0.02
118335.0,2,0.02
30886.0,2,0.02
75109.0,2,0.02
66760.0,2,0.02
149427.0,2,0.02
83758.0,2,0.02
154373.0,2,0.02
6796.0,2,0.02
167807.0,2,0.02
75298.0,2,0.02
69998.0,2,0.02
36953.0,2,0.02
23164.0,2,0.02
105555.0,2,0.02
164152.0,2,0.02
51954.0,2,0.02
1807.0,2,0.02
150314.0,2,0.02
153870.0,2,0.02
98748.0,2,0.02
64864.0,2,0.02
44361.0,2,0.02
30229.0,2,0.02
146748.0,2,0.02
34969.0,2,0.02
108702.0,2,0.02
152369.0,2,0.02
163616.0,2,0.02
20730.0,2,0.02
163442.0,2,0.02
1968.0,2,0.02
38446.0,2,0.02
19230.0,2,0.02
13236.0,2,0.02
19984.0,2,0.02
144610.0,2,0.02
71132.0,2,0.02
75057.0,2,0.02
77174.0,2,0.02
98813.0,2,0.02
128469.0,2,0.02
109814.0,2,0.02
39124.0,2,0.02
108550.0,2,0.02
110482.0,2,0.02
64147.0,2,0.02
94381.0,2,0.02
55168.0,2,0.02
8800.0,2,0.02
36710.0,2,0.02
131195.0,2,0.02
81215.0,2,0.02
141516.0,2,0.02
114477.0,2,0.02
37357.0,2,0.02
131212.0,2,0.02
58825.0,2,0.02
38044.0,2,0.02
72566.0,2,0.02
98756.0,2,0.02
41889.0,2,0.02
9315.0,2,0.02
68423.0,2,0.02
114096.0,2,0.02
102697.0,2,0.02
115305.0,2,0.02
32616.0,2,0.02
36562.0,2,0.02
21018.0,2,0.02
146252.0,2,0.02
133850.0,2,0.02
76931.0,2,0.02
164690.0,2,0.02
120194.0,2,0.02
19092.0,2,0.02
44488.0,2,0.02
103345.0,2,0.02
156394.0,2,0.02
43277.0,2,0.02
13226.0,2,0.02
98608.0,2,0.02
153076.0,2,0.02
84258.0,2,0.02
21822.0,2,0.02
55615.0,2,0.02
114489.0,2,0.02
67082.0,2,0.02
134336.0,2,0.02
24859.0,2,0.02
69603.0,2,0.02
71639.0,2,0.02
21260.0,2,0.02
103712.0,2,0.02
70852.0,2,0.02
71600.0,2,0.02
100618.0,2,0.02
66820.0,2,0.02
22741.0,2,0.02
164068.0,2,0.02
166650.0,2,0.02
74719.0,2,0.02
13776.0,2,0.02
89486.0,2,0.02
121274.0,2,0.02
106872.0,2,0.02
111346.0,2,0.02
56925.0,2,0.02
164292.0,2,0.02
66954.0,2,0.02
57716.0,2,0.02
143769.0,2,0.02
37724.0,2,0.02
27770.0,2,0.02
48814.0,2,0.02
43491.0,2,0.02
61992.0,2,0.02
162787.0,2,0.02
70119.0,2,0.02
51414.0,2,0.02
4953.0,2,0.02
118375.0,2,0.02
98400.0,2,0.02
137688.0,2,0.02
87280.0,1,0.01
105938.0,1,0.01
58261.0,1,0.01
49439.0,1,0.01
23584.0,1,0.01
10399.0,1,0.01
17471.0,1,0.01
128076.0,1,0.01
119310.0,1,0.01
4859.0,1,0.01
4038.0,1,0.01
34933.0,1,0.01
24616.0,1,0.01
159119.0,1,0.01
58489.0,1,0.01
138225.0,1,0.01
111059.0,1,0.01
57277.0,1,0.01
145851.0,1,0.01
9680.0,1,0.01
32787.0,1,0.01
65946.0,1,0.01
123333.0,1,0.01
11562.0,1,0.01
114650.0,1,0.01
2381.0,1,0.01
2821.0,1,0.01
87091.0,1,0.01
72434.0,1,0.01
65832.0,1,0.01
73106.0,1,0.01
146526.0,1,0.01
85756.0,1,0.01
87116.0,1,0.01
50466.0,1,0.01
120505.0,1,0.01
131165.0,1,0.01
55312.0,1,0.01
100877.0,1,0.01
131662.0,1,0.01
129180.0,1,0.01
155982.0,1,0.01
92270.0,1,0.01
149551.0,1,0.01
14418.0,1,0.01
1574.0,1,0.01
60260.0,1,0.01
55858.0,1,0.01
64384.0,1,0.01
4508.0,1,0.01
22079.0,1,0.01
63278.0,1,0.01
161095.0,1,0.01
62833.0,1,0.01
64372.0,1,0.01
97842.0,1,0.01
70081.0,1,0.01
27729.0,1,0.01
71395.0,1,0.01
57145.0,1,0.01
106256.0,1,0.01
135165.0,1,0.01
148403.0,1,0.01
165126.0,1,0.01
6988.0,1,0.01
36448.0,1,0.01
15163.0,1,0.01
1406.0,1,0.01
108377.0,1,0.01
20561.0,1,0.01
74068.0,1,0.01
128251.0,1,0.01
64871.0,1,0.01
3911.0,1,0.01
165183.0,1,0.01
4350.0,1,0.01
16340.0,1,0.01
88009.0,1,0.01
153003.0,1,0.01
54198.0,1,0.01
90630.0,1,0.01
107070.0,1,0.01
148361.0,1,0.01
41.0,1,0.01
86421.0,1,0.01
37271.0,1,0.01
163745.0,1,0.01
39306.0,1,0.01
160909.0,1,0.01
89251.0,1,0.01
74257.0,1,0.01
138007.0,1,0.01
20281.0,1,0.01
29539.0,1,0.01
26572.0,1,0.01
79011.0,1,0.01
57681.0,1,0.01
121226.0,1,0.01
79018.0,1,0.01
66449.0,1,0.01
135005.0,1,0.01
106345.0,1,0.01
9695.0,1,0.01
107333.0,1,0.01
128382.0,1,0.01
93054.0,1,0.01
135176.0,1,0.01
120748.0,1,0.01
157477.0,1,0.01
154197.0,1,0.01
76246.0,1,0.01
142671.0,1,0.01
75751.0,1,0.01
105332.0,1,0.01
12522.0,1,0.01
93898.0,1,0.01
24272.0,1,0.01
142544.0,1,0.01
1397.0,1,0.01
44816.0,1,0.01
2402.0,1,0.01
32046.0,1,0.01
149153.0,1,0.01
7101.0,1,0.01
164793.0,1,0.01
27718.0,1,0.01
126466.0,1,0.01
28485.0,1,0.01
162478.0,1,0.01
86023.0,1,0.01
39627.0,1,0.01
119877.0,1,0.01
14927.0,1,0.01
143483.0,1,0.01
88496.0,1,0.01
131912.0,1,0.01
122796.0,1,0.01
102710.0,1,0.01
148413.0,1,0.01
106912.0,1,0.01
19733.0,1,0.01
72517.0,1,0.01
57223.0,1,0.01
76691.0,1,0.01
164227.0,1,0.01
103925.0,1,0.01
57697.0,1,0.01
22600.0,1,0.01
143546.0,1,0.01
150950.0,1,0.01
77961.0,1,0.01
71634.0,1,0.01
74072.0,1,0.01
152139.0,1,0.01
130318.0,1,0.01
17621.0,1,0.01
59903.0,1,0.01
38115.0,1,0.01
157304.0,1,0.01
3281.0,1,0.01
155512.0,1,0.01
120943.0,1,0.01
25903.0,1,0.01
88589.0,1,0.01
52880.0,1,0.01
17447.0,1,0.01
115210.0,1,0.01
24900.0,1,0.01
14961.0,1,0.01
98214.0,1,0.01
65728.0,1,0.01
75551.0,1,0.01
60437.0,1,0.01
42728.0,1,0.01
75271.0,1,0.01
10874.0,1,0.01
11443.0,1,0.01
161803.0,1,0.01
67839.0,1,0.01
147932.0,1,0.01
78629.0,1,0.01
118948.0,1,0.01
51412.0,1,0.01
121520.0,1,0.01
37194.0,1,0.01
121751.0,1,0.01
165266.0,1,0.01
15658.0,1,0.01
25253.0,1,0.01
106350.0,1,0.01
5412.0,1,0.01
12119.0,1,0.01
54293.0,1,0.01
74683.0,1,0.01
56488.0,1,0.01
159758.0,1,0.01
136545.0,1,0.01
94819.0,1,0.01
142474.0,1,0.01
88087.0,1,0.01
105554.0,1,0.01
69425.0,1,0.01
74486.0,1,0.01
88956.0,1,0.01
23435.0,1,0.01
49728.0,1,0.01
82341.0,1,0.01
11701.0,1,0.01
128708.0,1,0.01
141980.0,1,0.01
51046.0,1,0.01
15407.0,1,0.01
1483.0,1,0.01
45578.0,1,0.01
71812.0,1,0.01
23976.0,1,0.01
11265.0,1,0.01
74690.0,1,0.01
165410.0,1,0.01
85360.0,1,0.01
143852.0,1,0.01
123582.0,1,0.01
19907.0,1,0.01
109515.0,1,0.01
139329.0,1,0.01
144721.0,1,0.01
110961.0,1,0.01
116917.0,1,0.01
11603.0,1,0.01
150727.0,1,0.01
106067.0,1,0.01
147737.0,1,0.01
92571.0,1,0.01
6115.0,1,0.01
82026.0,1,0.01
91741.0,1,0.01
72555.0,1,0.01
82696.0,1,0.01
2385.0,1,0.01
68050.0,1,0.01
106539.0,1,0.01
130374.0,1,0.01
56659.0,1,0.01
76726.0,1,0.01
73408.0,1,0.01
89759.0,1,0.01
66116.0,1,0.01
29124.0,1,0.01
91275.0,1,0.01
98002.0,1,0.01
149561.0,1,0.01
54327.0,1,0.01
156769.0,1,0.01
43058.0,1,0.01
36929.0,1,0.01
37315.0,1,0.01
119363.0,1,0.01
96509.0,1,0.01
66366.0,1,0.01
61701.0,1,0.01
101522.0,1,0.01
127757.0,1,0.01
157243.0,1,0.01
66251.0,1,0.01
62129.0,1,0.01
67510.0,1,0.01
57810.0,1,0.01
115782.0,1,0.01
42280.0,1,0.01
74438.0,1,0.01
490.0,1,0.01
161203.0,1,0.01
130642.0,1,0.01
149109.0,1,0.01
73773.0,1,0.01
153863.0,1,0.01
13705.0,1,0.01
67976.0,1,0.01
57235.0,1,0.01
70060.0,1,0.01
90097.0,1,0.01
112623.0,1,0.01
79601.0,1,0.01
2781.0,1,0.01
162335.0,1,0.01
80673.0,1,0.01
46060.0,1,0.01
29543.0,1,0.01
141745.0,1,0.01
166916.0,1,0.01
37983.0,1,0.01
18571.0,1,0.01
1146.0,1,0.01
149188.0,1,0.01
142163.0,1,0.01
56284.0,1,0.01
103957.0,1,0.01
24152.0,1,0.01
23242.0,1,0.01
83194.0,1,0.01
82603.0,1,0.01
129199.0,1,0.01
37450.0,1,0.01
166346.0,1,0.01
125122.0,1,0.01
48766.0,1,0.01
15072.0,1,0.01
50930.0,1,0.01
83616.0,1,0.01
32658.0,1,0.01
57720.0,1,0.01
50202.0,1,0.01
152462.0,1,0.01
84943.0,1,0.01
106442.0,1,0.01
113434.0,1,0.01
148537.0,1,0.01
155715.0,1,0.01
64128.0,1,0.01
118444.0,1,0.01
54959.0,1,0.01
106692.0,1,0.01
116816.0,1,0.01
45405.0,1,0.01
70794.0,1,0.01
51753.0,1,0.01
141861.0,1,0.01
107781.0,1,0.01
38874.0,1,0.01
31682.0,1,0.01
142674.0,1,0.01
12984.0,1,0.01
131482.0,1,0.01
114773.0,1,0.01
45982.0,1,0.01
84865.0,1,0.01
70629.0,1,0.01
103961.0,1,0.01
167605.0,1,0.01
20357.0,1,0.01
45757.0,1,0.01
127643.0,1,0.01
148867.0,1,0.01
70307.0,1,0.01
150895.0,1,0.01
109582.0,1,0.01
109176.0,1,0.01
135296.0,1,0.01
64506.0,1,0.01
11945.0,1,0.01
79553.0,1,0.01
138919.0,1,0.01
55261.0,1,0.01
148596.0,1,0.01
134747.0,1,0.01
67492.0,1,0.01
119358.0,1,0.01
54204.0,1,0.01
19723.0,1,0.01
165419.0,1,0.01
142925.0,1,0.01
5411.0,1,0.01
134248.0,1,0.01
124491.0,1,0.01
37021.0,1,0.01
122333.0,1,0.01
117749.0,1,0.01
167706.0,1,0.01
122927.0,1,0.01
127811.0,1,0.01
7206.0,1,0.01
92307.0,1,0.01
42503.0,1,0.01
20858.0,1,0.01
138070.0,1,0.01
67761.0,1,0.01
75670.0,1,0.01
14416.0,1,0.01
39732.0,1,0.01
59548.0,1,0.01
120913.0,1,0.01
121131.0,1,0.01
28055.0,1,0.01
146137.0,1,0.01
74260.0,1,0.01
65499.0,1,0.01
63406.0,1,0.01
66339.0,1,0.01
143962.0,1,0.01
160546.0,1,0.01
20607.0,1,0.01
25128.0,1,0.01
65467.0,1,0.01
27328.0,1,0.01
156945.0,1,0.01
150962.0,1,0.01
20655.0,1,0.01
65104.0,1,0.01
131149.0,1,0.01
70500.0,1,0.01
124762.0,1,0.01
149473.0,1,0.01
2047.0,1,0.01
145120.0,1,0.01
90549.0,1,0.01
62437.0,1,0.01
115580.0,1,0.01
151370.0,1,0.01
8573.0,1,0.01
13663.0,1,0.01
133581.0,1,0.01
96367.0,1,0.01
64996.0,1,0.01
103572.0,1,0.01
40484.0,1,0.01
74109.0,1,0.01
34385.0,1,0.01
16469.0,1,0.01
23308.0,1,0.01
128658.0,1,0.01
74908.0,1,0.01
103828.0,1,0.01
22408.0,1,0.01
60371.0,1,0.01
56206.0,1,0.01
69792.0,1,0.01
167602.0,1,0.01
138260.0,1,0.01
156964.0,1,0.01
112517.0,1,0.01
16354.0,1,0.01
93839.0,1,0.01
23006.0,1,0.01
110173.0,1,0.01
68232.0,1,0.01
156496.0,1,0.01
683.0,1,0.01
22535.0,1,0.01
130680.0,1,0.01
118630.0,1,0.01
117449.0,1,0.01
158058.0,1,0.01
135227.0,1,0.01
9883.0,1,0.01
89106.0,1,0.01
131168.0,1,0.01
12226.0,1,0.01
42117.0,1,0.01
133572.0,1,0.01
112036.0,1,0.01
100829.0,1,0.01
129455.0,1,0.01
163881.0,1,0.01
145672.0,1,0.01
6807.0,1,0.01
148085.0,1,0.01
63033.0,1,0.01
126546.0,1,0.01
87163.0,1,0.01
159473.0,1,0.01
163727.0,1,0.01
60606.0,1,0.01
91360.0,1,0.01
4166.0,1,0.01
105239.0,1,0.01
66892.0,1,0.01
25341.0,1,0.01
114009.0,1,0.01
18531.0,1,0.01
155020.0,1,0.01
137326.0,1,0.01
63346.0,1,0.01
131333.0,1,0.01
122193.0,1,0.01
163740.0,1,0.01
16864.0,1,0.01
26500.0,1,0.01
28497.0,1,0.01
73917.0,1,0.01
17312.0,1,0.01
29430.0,1,0.01
53397.0,1,0.01
89904.0,1,0.01
117919.0,1,0.01
129078.0,1,0.01
19547.0,1,0.01
69269.0,1,0.01
16867.0,1,0.01
7543.0,1,0.01
27067.0,1,0.01
36404.0,1,0.01
117284.0,1,0.01
32154.0,1,0.01
116343.0,1,0.01
141968.0,1,0.01
81990.0,1,0.01
70129.0,1,0.01
123796.0,1,0.01
121600.0,1,0.01
59769.0,1,0.01
28654.0,1,0.01
82773.0,1,0.01
118457.0,1,0.01
105231.0,1,0.01
146029.0,1,0.01
150947.0,1,0.01
20816.0,1,0.01
12336.0,1,0.01
34632.0,1,0.01
16461.0,1,0.01
130927.0,1,0.01
37833.0,1,0.01
30288.0,1,0.01
158089.0,1,0.01
5154.0,1,0.01
51531.0,1,0.01
36299.0,1,0.01
142418.0,1,0.01
60993.0,1,0.01
59936.0,1,0.01
34357.0,1,0.01
115506.0,1,0.01
14621.0,1,0.01
14647.0,1,0.01
37273.0,1,0.01
101611.0,1,0.01
153192.0,1,0.01
58713.0,1,0.01
88065.0,1,0.01
107958.0,1,0.01
29041.0,1,0.01
146054.0,1,0.01
73471.0,1,0.01
34449.0,1,0.01
28734.0,1,0.01
147185.0,1,0.01
83217.0,1,0.01
29442.0,1,0.01
74425.0,1,0.01
57370.0,1,0.01
121369.0,1,0.01
102999.0,1,0.01
58042.0,1,0.01
85679.0,1,0.01
87900.0,1,0.01
121530.0,1,0.01
81954.0,1,0.01
57431.0,1,0.01
60527.0,1,0.01
78242.0,1,0.01
13674.0,1,0.01
166293.0,1,0.01
89035.0,1,0.01
114874.0,1,0.01
50304.0,1,0.01
148450.0,1,0.01
95125.0,1,0.01
71163.0,1,0.01
130757.0,1,0.01
2507.0,1,0.01
147912.0,1,0.01
116073.0,1,0.01
127675.0,1,0.01
54161.0,1,0.01
120007.0,1,0.01
143541.0,1,0.01
90971.0,1,0.01
37374.0,1,0.01
66625.0,1,0.01
11716.0,1,0.01
57298.0,1,0.01
138072.0,1,0.01
69787.0,1,0.01
71343.0,1,0.01
37300.0,1,0.01
113648.0,1,0.01
134310.0,1,0.01
40310.0,1,0.01
128324.0,1,0.01
17053.0,1,0.01
26609.0,1,0.01
45126.0,1,0.01
755.0,1,0.01
44480.0,1,0.01
82424.0,1,0.01
92595.0,1,0.01
117381.0,1,0.01
19281.0,1,0.01
67849.0,1,0.01
83186.0,1,0.01
56722.0,1,0.01
142287.0,1,0.01
8165.0,1,0.01
66331.0,1,0.01
17442.0,1,0.01
134623.0,1,0.01
7495.0,1,0.01
57422.0,1,0.01
98929.0,1,0.01
137751.0,1,0.01
118284.0,1,0.01
71130.0,1,0.01
81852.0,1,0.01
103694.0,1,0.01
78154.0,1,0.01
46494.0,1,0.01
124427.0,1,0.01
56391.0,1,0.01
30635.0,1,0.01
112854.0,1,0.01
165660.0,1,0.01
134664.0,1,0.01
153307.0,1,0.01
122204.0,1,0.01
157723.0,1,0.01
39639.0,1,0.01
116192.0,1,0.01
99311.0,1,0.01
60326.0,1,0.01
159802.0,1,0.01
144545.0,1,0.01
108368.0,1,0.01
107206.0,1,0.01
96194.0,1,0.01
38239.0,1,0.01
14711.0,1,0.01
89902.0,1,0.01
24327.0,1,0.01
111045.0,1,0.01
164290.0,1,0.01
63261.0,1,0.01
110805.0,1,0.01
62992.0,1,0.01
80757.0,1,0.01
4345.0,1,0.01
81602.0,1,0.01
152487.0,1,0.01
5564.0,1,0.01
2414.0,1,0.01
50563.0,1,0.01
89777.0,1,0.01
46498.0,1,0.01
124339.0,1,0.01
25752.0,1,0.01
166638.0,1,0.01
47744.0,1,0.01
87498.0,1,0.01
126912.0,1,0.01
89692.0,1,0.01
166366.0,1,0.01
3976.0,1,0.01
116925.0,1,0.01
123018.0,1,0.01
79718.0,1,0.01
98889.0,1,0.01
31635.0,1,0.01
163805.0,1,0.01
51655.0,1,0.01
142105.0,1,0.01
50781.0,1,0.01
78658.0,1,0.01
131083.0,1,0.01
132688.0,1,0.01
127875.0,1,0.01
105892.0,1,0.01
126111.0,1,0.01
105253.0,1,0.01
128447.0,1,0.01
114444.0,1,0.01
89924.0,1,0.01
28188.0,1,0.01
134170.0,1,0.01
120618.0,1,0.01
2778.0,1,0.01
91350.0,1,0.01
68602.0,1,0.01
151118.0,1,0.01
71456.0,1,0.01
96125.0,1,0.01
32422.0,1,0.01
58419.0,1,0.01
28645.0,1,0.01
63496.0,1,0.01
118811.0,1,0.01
137066.0,1,0.01
71252.0,1,0.01
131566.0,1,0.01
70922.0,1,0.01
48324.0,1,0.01
65233.0,1,0.01
80820.0,1,0.01
117424.0,1,0.01
131469.0,1,0.01
35270.0,1,0.01
163937.0,1,0.01
128553.0,1,0.01
111070.0,1,0.01
25388.0,1,0.01
108625.0,1,0.01
153106.0,1,0.01
56932.0,1,0.01
76276.0,1,0.01
129456.0,1,0.01
72624.0,1,0.01
137032.0,1,0.01
80336.0,1,0.01
130985.0,1,0.01
56780.0,1,0.01
147149.0,1,0.01
147063.0,1,0.01
165164.0,1,0.01
9109.0,1,0.01
61424.0,1,0.01
41741.0,1,0.01
128206.0,1,0.01
43203.0,1,0.01
128194.0,1,0.01
7882.0,1,0.01
156948.0,1,0.01
97021.0,1,0.01
105721.0,1,0.01
68716.0,1,0.01
120909.0,1,0.01
7397.0,1,0.01
120680.0,1,0.01
61241.0,1,0.01
78912.0,1,0.01
164688.0,1,0.01
146069.0,1,0.01
131505.0,1,0.01
57802.0,1,0.01
87751.0,1,0.01
114203.0,1,0.01
146613.0,1,0.01
94942.0,1,0.01
120669.0,1,0.01
149840.0,1,0.01
93241.0,1,0.01
34586.0,1,0.01
42496.0,1,0.01
96303.0,1,0.01
137842.0,1,0.01
9886.0,1,0.01
73155.0,1,0.01
105255.0,1,0.01
73561.0,1,0.01
44041.0,1,0.01
57760.0,1,0.01
36360.0,1,0.01
131761.0,1,0.01
117593.0,1,0.01
29629.0,1,0.01
122718.0,1,0.01
42779.0,1,0.01
61764.0,1,0.01
135446.0,1,0.01
159335.0,1,0.01
147814.0,1,0.01
29643.0,1,0.01
121691.0,1,0.01
77818.0,1,0.01
34534.0,1,0.01
9829.0,1,0.01
129025.0,1,0.01
146415.0,1,0.01
31110.0,1,0.01
140839.0,1,0.01
7974.0,1,0.01
27068.0,1,0.01
6627.0,1,0.01
124587.0,1,0.01
103228.0,1,0.01
127948.0,1,0.01
34899.0,1,0.01
6659.0,1,0.01
43963.0,1,0.01
4632.0,1,0.01
76728.0,1,0.01
2650.0,1,0.01
49627.0,1,0.01
150998.0,1,0.01
108615.0,1,0.01
21477.0,1,0.01
39629.0,1,0.01
64959.0,1,0.01
5563.0,1,0.01
62852.0,1,0.01
121061.0,1,0.01
136350.0,1,0.01
251.0,1,0.01
45214.0,1,0.01
141752.0,1,0.01
120269.0,1,0.01
32539.0,1,0.01
65242.0,1,0.01
68953.0,1,0.01
101851.0,1,0.01
31562.0,1,0.01
55443.0,1,0.01
50112.0,1,0.01
8241.0,1,0.01
71364.0,1,0.01
149927.0,1,0.01
34942.0,1,0.01
10813.0,1,0.01
67958.0,1,0.01
1922.0,1,0.01
151114.0,1,0.01
25514.0,1,0.01
4499.0,1,0.01
163537.0,1,0.01
39848.0,1,0.01
23103.0,1,0.01
77727.0,1,0.01
996.0,1,0.01
64648.0,1,0.01
63601.0,1,0.01
837.0,1,0.01
163364.0,1,0.01
108337.0,1,0.01
129234.0,1,0.01
141395.0,1,0.01
155864.0,1,0.01
107972.0,1,0.01
21108.0,1,0.01
110232.0,1,0.01
120786.0,1,0.01
42428.0,1,0.01
114806.0,1,0.01
154143.0,1,0.01
116552.0,1,0.01
155880.0,1,0.01
150208.0,1,0.01
131069.0,1,0.01
59564.0,1,0.01
102308.0,1,0.01
51760.0,1,0.01
107211.0,1,0.01
155035.0,1,0.01
127943.0,1,0.01
69005.0,1,0.01
156918.0,1,0.01
133272.0,1,0.01
92702.0,1,0.01
19930.0,1,0.01
163795.0,1,0.01
87367.0,1,0.01
147884.0,1,0.01
13416.0,1,0.01
143847.0,1,0.01
18708.0,1,0.01
157526.0,1,0.01
117639.0,1,0.01
89826.0,1,0.01
2025.0,1,0.01
130489.0,1,0.01
4974.0,1,0.01
139473.0,1,0.01
48480.0,1,0.01
35747.0,1,0.01
84470.0,1,0.01
107732.0,1,0.01
150456.0,1,0.01
66558.0,1,0.01
15154.0,1,0.01
146837.0,1,0.01
54361.0,1,0.01
147244.0,1,0.01
80463.0,1,0.01
143813.0,1,0.01
63816.0,1,0.01
43149.0,1,0.01
5851.0,1,0.01
44763.0,1,0.01
46777.0,1,0.01
108129.0,1,0.01
42563.0,1,0.01
26560.0,1,0.01
107113.0,1,0.01
78206.0,1,0.01
15001.0,1,0.01
3348.0,1,0.01
87323.0,1,0.01
10226.0,1,0.01
78281.0,1,0.01
34115.0,1,0.01
121251.0,1,0.01
7503.0,1,0.01
7449.0,1,0.01
144274.0,1,0.01
84371.0,1,0.01
111896.0,1,0.01
82451.0,1,0.01
18897.0,1,0.01
20966.0,1,0.01
8108.0,1,0.01
140894.0,1,0.01
109375.0,1,0.01
152559.0,1,0.01
111285.0,1,0.01
136738.0,1,0.01
4680.0,1,0.01
135763.0,1,0.01
97877.0,1,0.01
80789.0,1,0.01
78865.0,1,0.01
58117.0,1,0.01
10149.0,1,0.01
56660.0,1,0.01
64937.0,1,0.01
145454.0,1,0.01
66007.0,1,0.01
64801.0,1,0.01
84094.0,1,0.01
6792.0,1,0.01
29431.0,1,0.01
96469.0,1,0.01
118026.0,1,0.01
89484.0,1,0.01
150185.0,1,0.01
134660.0,1,0.01
36291.0,1,0.01
107544.0,1,0.01
102299.0,1,0.01
156870.0,1,0.01
35644.0,1,0.01
141913.0,1,0.01
22738.0,1,0.01
81778.0,1,0.01
63479.0,1,0.01
49575.0,1,0.01
29734.0,1,0.01
150970.0,1,0.01
52203.0,1,0.01
2257.0,1,0.01
98392.0,1,0.01
25619.0,1,0.01
23206.0,1,0.01
63821.0,1,0.01
108094.0,1,0.01
82358.0,1,0.01
58284.0,1,0.01
72367.0,1,0.01
117581.0,1,0.01
138201.0,1,0.01
162571.0,1,0.01
31082.0,1,0.01
160057.0,1,0.01
36985.0,1,0.01
127825.0,1,0.01
63608.0,1,0.01
104203.0,1,0.01
95764.0,1,0.01
12136.0,1,0.01
64154.0,1,0.01
57144.0,1,0.01
33465.0,1,0.01
136243.0,1,0.01
113863.0,1,0.01
105754.0,1,0.01
59749.0,1,0.01
117479.0,1,0.01
135980.0,1,0.01
91007.0,1,0.01
146631.0,1,0.01
11922.0,1,0.01
34636.0,1,0.01
98824.0,1,0.01
43199.0,1,0.01
74403.0,1,0.01
108947.0,1,0.01
74213.0,1,0.01
157364.0,1,0.01
11346.0,1,0.01
38803.0,1,0.01
141700.0,1,0.01
2717.0,1,0.01
30377.0,1,0.01
144484.0,1,0.01
108271.0,1,0.01
106759.0,1,0.01
105737.0,1,0.01
166379.0,1,0.01
88742.0,1,0.01
106547.0,1,0.01
80432.0,1,0.01
130437.0,1,0.01
24473.0,1,0.01
135284.0,1,0.01
29389.0,1,0.01
146249.0,1,0.01
91052.0,1,0.01
148472.0,1,0.01
62354.0,1,0.01
88414.0,1,0.01
156041.0,1,0.01
37775.0,1,0.01
149354.0,1,0.01
75212.0,1,0.01
115593.0,1,0.01
153028.0,1,0.01
129000.0,1,0.01
122409.0,1,0.01
90744.0,1,0.01
135232.0,1,0.01
104136.0,1,0.01
23943.0,1,0.01
57603.0,1,0.01
157496.0,1,0.01
152634.0,1,0.01
114502.0,1,0.01
62519.0,1,0.01
60643.0,1,0.01
66431.0,1,0.01
160650.0,1,0.01
159309.0,1,0.01
881.0,1,0.01
114077.0,1,0.01
166919.0,1,0.01
88991.0,1,0.01
5679.0,1,0.01
25436.0,1,0.01
85621.0,1,0.01
81142.0,1,0.01
87991.0,1,0.01
36129.0,1,0.01
84809.0,1,0.01
127980.0,1,0.01
62615.0,1,0.01
135054.0,1,0.01
121145.0,1,0.01
60332.0,1,0.01
130949.0,1,0.01
87508.0,1,0.01
74527.0,1,0.01
3176.0,1,0.01
148250.0,1,0.01
102828.0,1,0.01
70413.0,1,0.01
122666.0,1,0.01
17116.0,1,0.01
48792.0,1,0.01
112978.0,1,0.01
31674.0,1,0.01
107606.0,1,0.01
35181.0,1,0.01
56886.0,1,0.01
42958.0,1,0.01
137621.0,1,0.01
154535.0,1,0.01
84692.0,1,0.01
127731.0,1,0.01
74960.0,1,0.01
144352.0,1,0.01
120008.0,1,0.01
32417.0,1,0.01
19882.0,1,0.01
80614.0,1,0.01
142140.0,1,0.01
131599.0,1,0.01
40360.0,1,0.01
160810.0,1,0.01
161974.0,1,0.01
100238.0,1,0.01
165700.0,1,0.01
89093.0,1,0.01
83554.0,1,0.01
1987.0,1,0.01
68260.0,1,0.01
18778.0,1,0.01
130681.0,1,0.01
143639.0,1,0.01
141259.0,1,0.01
59575.0,1,0.01
166135.0,1,0.01
8071.0,1,0.01
143530.0,1,0.01
63326.0,1,0.01
135244.0,1,0.01
95037.0,1,0.01
40123.0,1,0.01
28562.0,1,0.01
109343.0,1,0.01
5113.0,1,0.01
51911.0,1,0.01
103411.0,1,0.01
69989.0,1,0.01
74067.0,1,0.01
155994.0,1,0.01
11460.0,1,0.01
77197.0,1,0.01
26777.0,1,0.01
137122.0,1,0.01
159903.0,1,0.01
98894.0,1,0.01
43748.0,1,0.01
105716.0,1,0.01
51475.0,1,0.01
165441.0,1,0.01
133665.0,1,0.01
152681.0,1,0.01
114395.0,1,0.01
127520.0,1,0.01
26371.0,1,0.01
142736.0,1,0.01
117368.0,1,0.01
127572.0,1,0.01
67969.0,1,0.01
166338.0,1,0.01
73692.0,1,0.01
97115.0,1,0.01
59321.0,1,0.01
132919.0,1,0.01
93290.0,1,0.01
143505.0,1,0.01
36706.0,1,0.01
74989.0,1,0.01
98485.0,1,0.01
155801.0,1,0.01
58624.0,1,0.01
105584.0,1,0.01
117312.0,1,0.01
40146.0,1,0.01
10821.0,1,0.01
73564.0,1,0.01
5030.0,1,0.01
137429.0,1,0.01
134805.0,1,0.01
32085.0,1,0.01
103078.0,1,0.01
86692.0,1,0.01
120921.0,1,0.01
34827.0,1,0.01
85935.0,1,0.01
107911.0,1,0.01
143242.0,1,0.01
369.0,1,0.01
4241.0,1,0.01
46079.0,1,0.01
165674.0,1,0.01
103374.0,1,0.01
30028.0,1,0.01
164651.0,1,0.01
50310.0,1,0.01
91521.0,1,0.01
111391.0,1,0.01
12687.0,1,0.01
61507.0,1,0.01
8315.0,1,0.01
22073.0,1,0.01
121255.0,1,0.01
28380.0,1,0.01
57874.0,1,0.01
122503.0,1,0.01
96863.0,1,0.01
124641.0,1,0.01
29558.0,1,0.01
120115.0,1,0.01
87683.0,1,0.01
64140.0,1,0.01
115822.0,1,0.01
66024.0,1,0.01
92104.0,1,0.01
7922.0,1,0.01
8739.0,1,0.01
98419.0,1,0.01
108142.0,1,0.01
106193.0,1,0.01
2730.0,1,0.01
38337.0,1,0.01
128957.0,1,0.01
99071.0,1,0.01
110867.0,1,0.01
3832.0,1,0.01
93901.0,1,0.01
165636.0,1,0.01
28717.0,1,0.01
60361.0,1,0.01
107051.0,1,0.01
106038.0,1,0.01
17514.0,1,0.01
159126.0,1,0.01
22577.0,1,0.01
57073.0,1,0.01
153813.0,1,0.01
129987.0,1,0.01
111384.0,1,0.01
29092.0,1,0.01
67739.0,1,0.01
112886.0,1,0.01
8232.0,1,0.01
118157.0,1,0.01
88879.0,1,0.01
151256.0,1,0.01
120941.0,1,0.01
77873.0,1,0.01
143216.0,1,0.01
89673.0,1,0.01
87824.0,1,0.01
135496.0,1,0.01
4829.0,1,0.01
148078.0,1,0.01
40267.0,1,0.01
161021.0,1,0.01
5584.0,1,0.01
13886.0,1,0.01
128211.0,1,0.01
114219.0,1,0.01
38376.0,1,0.01
124793.0,1,0.01
2187.0,1,0.01
86457.0,1,0.01
78693.0,1,0.01
73219.0,1,0.01
87978.0,1,0.01
13369.0,1,0.01
120473.0,1,0.01
121493.0,1,0.01
154898.0,1,0.01
101929.0,1,0.01
106215.0,1,0.01
121868.0,1,0.01
119116.0,1,0.01
105829.0,1,0.01
116914.0,1,0.01
112702.0,1,0.01
104962.0,1,0.01
92254.0,1,0.01
19450.0,1,0.01
158125.0,1,0.01
50221.0,1,0.01
32137.0,1,0.01
143460.0,1,0.01
76110.0,1,0.01
1332.0,1,0.01
146660.0,1,0.01
96337.0,1,0.01
14821.0,1,0.01
28642.0,1,0.01
115096.0,1,0.01
42220.0,1,0.01
132596.0,1,0.01
62496.0,1,0.01
140464.0,1,0.01
23944.0,1,0.01
32440.0,1,0.01
160267.0,1,0.01
76823.0,1,0.01
4351.0,1,0.01
11468.0,1,0.01
66246.0,1,0.01
67644.0,1,0.01
59161.0,1,0.01
129734.0,1,0.01
84091.0,1,0.01
99150.0,1,0.01
117134.0,1,0.01
127781.0,1,0.01
164935.0,1,0.01
57207.0,1,0.01
160717.0,1,0.01
89066.0,1,0.01
43470.0,1,0.01
16901.0,1,0.01
164087.0,1,0.01
138983.0,1,0.01
77795.0,1,0.01
32304.0,1,0.01
102653.0,1,0.01
97682.0,1,0.01
154529.0,1,0.01
167886.0,1,0.01
111408.0,1,0.01
114161.0,1,0.01
87625.0,1,0.01
165611.0,1,0.01
26474.0,1,0.01
79608.0,1,0.01
107473.0,1,0.01
38677.0,1,0.01
164770.0,1,0.01
24488.0,1,0.01
8286.0,1,0.01
97779.0,1,0.01
166410.0,1,0.01
28005.0,1,0.01
131528.0,1,0.01
123975.0,1,0.01
60963.0,1,0.01
58603.0,1,0.01
117576.0,1,0.01
45515.0,1,0.01
3405.0,1,0.01
31603.0,1,0.01
38707.0,1,0.01
45678.0,1,0.01
30530.0,1,0.01
139762.0,1,0.01
88438.0,1,0.01
30885.0,1,0.01
74470.0,1,0.01
155751.0,1,0.01
139219.0,1,0.01
11592.0,1,0.01
24764.0,1,0.01
116500.0,1,0.01
6663.0,1,0.01
43183.0,1,0.01
134645.0,1,0.01
64027.0,1,0.01
81133.0,1,0.01
39815.0,1,0.01
23414.0,1,0.01
30567.0,1,0.01
109476.0,1,0.01
70834.0,1,0.01
102846.0,1,0.01
98806.0,1,0.01
134341.0,1,0.01
66987.0,1,0.01
86366.0,1,0.01
166471.0,1,0.01
11342.0,1,0.01
34868.0,1,0.01
115735.0,1,0.01
24343.0,1,0.01
6033.0,1,0.01
133769.0,1,0.01
138238.0,1,0.01
4677.0,1,0.01
59704.0,1,0.01
68896.0,1,0.01
108916.0,1,0.01
23369.0,1,0.01
138894.0,1,0.01
99199.0,1,0.01
53056.0,1,0.01
64180.0,1,0.01
118235.0,1,0.01
69283.0,1,0.01
155642.0,1,0.01
5705.0,1,0.01
113996.0,1,0.01
135240.0,1,0.01
111277.0,1,0.01
149553.0,1,0.01
45474.0,1,0.01
4069.0,1,0.01
111494.0,1,0.01
45257.0,1,0.01
52651.0,1,0.01
8506.0,1,0.01
5453.0,1,0.01
49511.0,1,0.01
57122.0,1,0.01
138313.0,1,0.01
108435.0,1,0.01
117664.0,1,0.01
51022.0,1,0.01
74011.0,1,0.01
74204.0,1,0.01
43300.0,1,0.01
55663.0,1,0.01
98530.0,1,0.01
93558.0,1,0.01
111399.0,1,0.01
147618.0,1,0.01
135138.0,1,0.01
99059.0,1,0.01
103672.0,1,0.01
69057.0,1,0.01
107883.0,1,0.01
6882.0,1,0.01
56707.0,1,0.01
122708.0,1,0.01
102339.0,1,0.01
122701.0,1,0.01
105521.0,1,0.01
97061.0,1,0.01
21565.0,1,0.01
145339.0,1,0.01
139096.0,1,0.01
51483.0,1,0.01
43951.0,1,0.01
117249.0,1,0.01
99851.0,1,0.01
66503.0,1,0.01
104204.0,1,0.01
139490.0,1,0.01
39463.0,1,0.01
86120.0,1,0.01
108351.0,1,0.01
67899.0,1,0.01
1919.0,1,0.01
108512.0,1,0.01
121302.0,1,0.01
151129.0,1,0.01
50418.0,1,0.01
52857.0,1,0.01
69926.0,1,0.01
144896.0,1,0.01
53819.0,1,0.01
135544.0,1,0.01
123599.0,1,0.01
14678.0,1,0.01
78732.0,1,0.01
144643.0,1,0.01
74531.0,1,0.01
18539.0,1,0.01
139904.0,1,0.01
159281.0,1,0.01
143602.0,1,0.01
14508.0,1,0.01
129732.0,1,0.01
80565.0,1,0.01
1224.0,1,0.01
119454.0,1,0.01
157929.0,1,0.01
29275.0,1,0.01
144750.0,1,0.01
78599.0,1,0.01
149322.0,1,0.01
11040.0,1,0.01
79220.0,1,0.01
34243.0,1,0.01
68197.0,1,0.01
32152.0,1,0.01
27327.0,1,0.01
149975.0,1,0.01
45802.0,1,0.01
98327.0,1,0.01
101744.0,1,0.01
142865.0,1,0.01
166482.0,1,0.01
67915.0,1,0.01
28980.0,1,0.01
144987.0,1,0.01
131336.0,1,0.01
45298.0,1,0.01
104911.0,1,0.01
84905.0,1,0.01
80691.0,1,0.01
112414.0,1,0.01
54767.0,1,0.01
166680.0,1,0.01
86402.0,1,0.01
165378.0,1,0.01
134428.0,1,0.01
39153.0,1,0.01
45133.0,1,0.01
6044.0,1,0.01
10480.0,1,0.01
109035.0,1,0.01
7232.0,1,0.01
17963.0,1,0.01
57230.0,1,0.01
19233.0,1,0.01
72663.0,1,0.01
120265.0,1,0.01
19038.0,1,0.01
93033.0,1,0.01
23721.0,1,0.01
152992.0,1,0.01
51143.0,1,0.01
74366.0,1,0.01
116842.0,1,0.01
137388.0,1,0.01
114205.0,1,0.01
136133.0,1,0.01
148524.0,1,0.01
43144.0,1,0.01
143646.0,1,0.01
47694.0,1,0.01
93153.0,1,0.01
124537.0,1,0.01
115745.0,1,0.01
14412.0,1,0.01
50271.0,1,0.01
11351.0,1,0.01
66217.0,1,0.01
106451.0,1,0.01
32872.0,1,0.01
163714.0,1,0.01
159916.0,1,0.01
17981.0,1,0.01
32720.0,1,0.01
15775.0,1,0.01
70117.0,1,0.01
130458.0,1,0.01
47571.0,1,0.01
123002.0,1,0.01
29816.0,1,0.01
156582.0,1,0.01
156505.0,1,0.01
92131.0,1,0.01
161208.0,1,0.01
146051.0,1,0.01
64219.0,1,0.01
82410.0,1,0.01
102117.0,1,0.01
149103.0,1,0.01
31927.0,1,0.01
57128.0,1,0.01
82178.0,1,0.01
123727.0,1,0.01
129402.0,1,0.01
154144.0,1,0.01
70222.0,1,0.01
120411.0,1,0.01
30870.0,1,0.01
137402.0,1,0.01
108249.0,1,0.01
128748.0,1,0.01
157835.0,1,0.01
88769.0,1,0.01
148402.0,1,0.01
66895.0,1,0.01
120222.0,1,0.01
128159.0,1,0.01
112460.0,1,0.01
164726.0,1,0.01
98843.0,1,0.01
163501.0,1,0.01
15585.0,1,0.01
15814.0,1,0.01
99027.0,1,0.01
120028.0,1,0.01
13163.0,1,0.01
100971.0,1,0.01
84066.0,1,0.01
16640.0,1,0.01
124606.0,1,0.01
92221.0,1,0.01
87351.0,1,0.01
147858.0,1,0.01
157336.0,1,0.01
164895.0,1,0.01
158142.0,1,0.01
82347.0,1,0.01
164987.0,1,0.01
29987.0,1,0.01
56776.0,1,0.01
129355.0,1,0.01
107829.0,1,0.01
47038.0,1,0.01
113884.0,1,0.01
86645.0,1,0.01
46950.0,1,0.01
41365.0,1,0.01
148180.0,1,0.01
31707.0,1,0.01
104003.0,1,0.01
9669.0,1,0.01
18971.0,1,0.01
113999.0,1,0.01
142979.0,1,0.01
33174.0,1,0.01
90118.0,1,0.01
117636.0,1,0.01
86898.0,1,0.01
126646.0,1,0.01
18874.0,1,0.01
67867.0,1,0.01
23447.0,1,0.01
92908.0,1,0.01
91825.0,1,0.01
72144.0,1,0.01
11094.0,1,0.01
102809.0,1,0.01
81773.0,1,0.01
108572.0,1,0.01
114530.0,1,0.01
121317.0,1,0.01
88592.0,1,0.01
72719.0,1,0.01
82216.0,1,0.01
4163.0,1,0.01
25781.0,1,0.01
48545.0,1,0.01
36829.0,1,0.01
128826.0,1,0.01
136640.0,1,0.01
39551.0,1,0.01
166350.0,1,0.01
28195.0,1,0.01
70147.0,1,0.01
124251.0,1,0.01
7693.0,1,0.01
61346.0,1,0.01
143468.0,1,0.01
142356.0,1,0.01
103020.0,1,0.01
75236.0,1,0.01
4046.0,1,0.01
15838.0,1,0.01
100519.0,1,0.01
72898.0,1,0.01
1200.0,1,0.01
84109.0,1,0.01
40641.0,1,0.01
145808.0,1,0.01
26872.0,1,0.01
93238.0,1,0.01
16883.0,1,0.01
103238.0,1,0.01
30486.0,1,0.01
135069.0,1,0.01
13598.0,1,0.01
120983.0,1,0.01
11382.0,1,0.01
59605.0,1,0.01
162796.0,1,0.01
15591.0,1,0.01
15590.0,1,0.01
103167.0,1,0.01
106351.0,1,0.01
60652.0,1,0.01
9519.0,1,0.01
64012.0,1,0.01
71958.0,1,0.01
108352.0,1,0.01
49048.0,1,0.01
51402.0,1,0.01
33000.0,1,0.01
68034.0,1,0.01
85559.0,1,0.01
130007.0,1,0.01
107672.0,1,0.01
145089.0,1,0.01
147938.0,1,0.01
135974.0,1,0.01
97984.0,1,0.01
80619.0,1,0.01
32729.0,1,0.01
165874.0,1,0.01
68486.0,1,0.01
129051.0,1,0.01
9545.0,1,0.01
16691.0,1,0.01
154138.0,1,0.01
102694.0,1,0.01
143910.0,1,0.01
143051.0,1,0.01
68353.0,1,0.01
127457.0,1,0.01
83211.0,1,0.01
122267.0,1,0.01
63024.0,1,0.01
49356.0,1,0.01
134020.0,1,0.01
88585.0,1,0.01
40210.0,1,0.01
166877.0,1,0.01
85539.0,1,0.01
79225.0,1,0.01
130796.0,1,0.01
122646.0,1,0.01
24523.0,1,0.01
10240.0,1,0.01
122048.0,1,0.01
92764.0,1,0.01
7556.0,1,0.01
43468.0,1,0.01
56882.0,1,0.01
104151.0,1,0.01
17027.0,1,0.01
74516.0,1,0.01
103970.0,1,0.01
9704.0,1,0.01
14403.0,1,0.01
112579.0,1,0.01
553.0,1,0.01
35790.0,1,0.01
130735.0,1,0.01
78981.0,1,0.01
43586.0,1,0.01
39896.0,1,0.01
142878.0,1,0.01
107546.0,1,0.01
90637.0,1,0.01
24756.0,1,0.01
103422.0,1,0.01
141725.0,1,0.01
67910.0,1,0.01
57495.0,1,0.01
136336.0,1,0.01
30499.0,1,0.01
166384.0,1,0.01
30443.0,1,0.01
32412.0,1,0.01
75056.0,1,0.01
28913.0,1,0.01
102410.0,1,0.01
162020.0,1,0.01
25532.0,1,0.01
16834.0,1,0.01
138592.0,1,0.01
105745.0,1,0.01
130942.0,1,0.01
26420.0,1,0.01
13577.0,1,0.01
117592.0,1,0.01
144667.0,1,0.01
146077.0,1,0.01
116451.0,1,0.01
6324.0,1,0.01
123111.0,1,0.01
116284.0,1,0.01
107977.0,1,0.01
8580.0,1,0.01
126206.0,1,0.01
142618.0,1,0.01
22735.0,1,0.01
127254.0,1,0.01
73719.0,1,0.01
26244.0,1,0.01
115093.0,1,0.01
81104.0,1,0.01
166757.0,1,0.01
31742.0,1,0.01
84359.0,1,0.01
147194.0,1,0.01
65144.0,1,0.01
94225.0,1,0.01
20543.0,1,0.01
7013.0,1,0.01
30110.0,1,0.01
86465.0,1,0.01
151746.0,1,0.01
39827.0,1,0.01
113497.0,1,0.01
1409.0,1,0.01
20780.0,1,0.01
56427.0,1,0.01
131347.0,1,0.01
44266.0,1,0.01
40759.0,1,0.01
36116.0,1,0.01
29180.0,1,0.01
146182.0,1,0.01
37597.0,1,0.01
99608.0,1,0.01
45249.0,1,0.01
127618.0,1,0.01
59779.0,1,0.01
107273.0,1,0.01
2007.0,1,0.01
89299.0,1,0.01
131060.0,1,0.01
87015.0,1,0.01
48752.0,1,0.01
495.0,1,0.01
145223.0,1,0.01
134235.0,1,0.01
1534.0,1,0.01
150472.0,1,0.01
5276.0,1,0.01
68317.0,1,0.01
119331.0,1,0.01
144563.0,1,0.01
144874.0,1,0.01
40082.0,1,0.01
81719.0,1,0.01
55269.0,1,0.01
148178.0,1,0.01
136036.0,1,0.01
23768.0,1,0.01
19067.0,1,0.01
5992.0,1,0.01
115155.0,1,0.01
97543.0,1,0.01
155530.0,1,0.01
167732.0,1,0.01
59780.0,1,0.01
124336.0,1,0.01
6758.0,1,0.01
74358.0,1,0.01
110273.0,1,0.01
164222.0,1,0.01
70632.0,1,0.01
140649.0,1,0.01
132749.0,1,0.01
8695.0,1,0.01
56486.0,1,0.01
124453.0,1,0.01
147509.0,1,0.01
104114.0,1,0.01
11604.0,1,0.01
51320.0,1,0.01
9807.0,1,0.01
44749.0,1,0.01
136073.0,1,0.01
94717.0,1,0.01
13968.0,1,0.01
70310.0,1,0.01
94188.0,1,0.01
50416.0,1,0.01
146747.0,1,0.01
6276.0,1,0.01
133821.0,1,0.01
13960.0,1,0.01
162995.0,1,0.01
97970.0,1,0.01
28176.0,1,0.01
58289.0,1,0.01
20939.0,1,0.01
45572.0,1,0.01
7129.0,1,0.01
144003.0,1,0.01
106085.0,1,0.01
113335.0,1,0.01
160818.0,1,0.01
50334.0,1,0.01
86549.0,1,0.01
93911.0,1,0.01
10429.0,1,0.01
147712.0,1,0.01
166978.0,1,0.01
1791.0,1,0.01
143107.0,1,0.01
88501.0,1,0.01
45504.0,1,0.01
42685.0,1,0.01
103262.0,1,0.01
5240.0,1,0.01
71115.0,1,0.01
70953.0,1,0.01
61568.0,1,0.01
165849.0,1,0.01
94109.0,1,0.01
125386.0,1,0.01
165756.0,1,0.01
149839.0,1,0.01
121575.0,1,0.01
165163.0,1,0.01
111803.0,1,0.01
37185.0,1,0.01
86180.0,1,0.01
66199.0,1,0.01
164308.0,1,0.01
74829.0,1,0.01
152563.0,1,0.01
127968.0,1,0.01
137484.0,1,0.01
50572.0,1,0.01
142941.0,1,0.01
67986.0,1,0.01
120708.0,1,0.01
154183.0,1,0.01
137645.0,1,0.01
79996.0,1,0.01
43331.0,1,0.01
92230.0,1,0.01
119220.0,1,0.01
29190.0,1,0.01
64365.0,1,0.01
91111.0,1,0.01
143332.0,1,0.01
10113.0,1,0.01
153692.0,1,0.01
88228.0,1,0.01
9001.0,1,0.01
69884.0,1,0.01
86939.0,1,0.01
49532.0,1,0.01
21028.0,1,0.01
94773.0,1,0.01
119149.0,1,0.01
81610.0,1,0.01
109271.0,1,0.01
11933.0,1,0.01
150496.0,1,0.01
41913.0,1,0.01
51345.0,1,0.01
145213.0,1,0.01
31868.0,1,0.01
144530.0,1,0.01
127554.0,1,0.01
108927.0,1,0.01
42878.0,1,0.01
66809.0,1,0.01
8701.0,1,0.01
36966.0,1,0.01
10275.0,1,0.01
129693.0,1,0.01
124488.0,1,0.01
48646.0,1,0.01
133194.0,1,0.01
133721.0,1,0.01
145676.0,1,0.01
154486.0,1,0.01
53243.0,1,0.01
117391.0,1,0.01
104903.0,1,0.01
71588.0,1,0.01
116000.0,1,0.01
44205.0,1,0.01
26833.0,1,0.01
42657.0,1,0.01
21906.0,1,0.01
130700.0,1,0.01
6532.0,1,0.01
118649.0,1,0.01
135633.0,1,0.01
72138.0,1,0.01
99753.0,1,0.01
4775.0,1,0.01
74545.0,1,0.01
101124.0,1,0.01
128560.0,1,0.01
51769.0,1,0.01
157699.0,1,0.01
153907.0,1,0.01
139535.0,1,0.01
151073.0,1,0.01
124169.0,1,0.01
8518.0,1,0.01
106318.0,1,0.01
32311.0,1,0.01
110239.0,1,0.01
116979.0,1,0.01
117596.0,1,0.01
46444.0,1,0.01
31403.0,1,0.01
155720.0,1,0.01
54174.0,1,0.01
123931.0,1,0.01
42802.0,1,0.01
15574.0,1,0.01
89005.0,1,0.01
33568.0,1,0.01
101979.0,1,0.01
77259.0,1,0.01
111168.0,1,0.01
10610.0,1,0.01
152446.0,1,0.01
133301.0,1,0.01
74301.0,1,0.01
10411.0,1,0.01
27657.0,1,0.01
89841.0,1,0.01
78723.0,1,0.01
87406.0,1,0.01
164723.0,1,0.01
3351.0,1,0.01
141626.0,1,0.01
60205.0,1,0.01
3887.0,1,0.01
30511.0,1,0.01
128597.0,1,0.01
144093.0,1,0.01
47090.0,1,0.01
152828.0,1,0.01
107570.0,1,0.01
129493.0,1,0.01
113499.0,1,0.01
87402.0,1,0.01
84592.0,1,0.01
54818.0,1,0.01
150346.0,1,0.01
160058.0,1,0.01
161449.0,1,0.01
136826.0,1,0.01
98651.0,1,0.01
136562.0,1,0.01
21393.0,1,0.01
112600.0,1,0.01
154385.0,1,0.01
155115.0,1,0.01
103338.0,1,0.01
141238.0,1,0.01
65574.0,1,0.01
50351.0,1,0.01
74951.0,1,0.01
71673.0,1,0.01
157322.0,1,0.01
49698.0,1,0.01
93583.0,1,0.01
87500.0,1,0.01
43174.0,1,0.01
101912.0,1,0.01
694.0,1,0.01
31934.0,1,0.01
96171.0,1,0.01
147682.0,1,0.01
159291.0,1,0.01
82929.0,1,0.01
68753.0,1,0.01
110022.0,1,0.01
95703.0,1,0.01
133447.0,1,0.01
115996.0,1,0.01
135996.0,1,0.01
27844.0,1,0.01
71732.0,1,0.01
152373.0,1,0.01
16660.0,1,0.01
133327.0,1,0.01
7196.0,1,0.01
103409.0,1,0.01
163671.0,1,0.01
84127.0,1,0.01
30508.0,1,0.01
167136.0,1,0.01
120543.0,1,0.01
118350.0,1,0.01
142980.0,1,0.01
142645.0,1,0.01
108207.0,1,0.01
66456.0,1,0.01
76399.0,1,0.01
5699.0,1,0.01
28390.0,1,0.01
100365.0,1,0.01
76326.0,1,0.01
5951.0,1,0.01
37444.0,1,0.01
5204.0,1,0.01
142685.0,1,0.01
7482.0,1,0.01
163457.0,1,0.01
100163.0,1,0.01
143938.0,1,0.01
112435.0,1,0.01
155077.0,1,0.01
115561.0,1,0.01
122375.0,1,0.01
117308.0,1,0.01
13881.0,1,0.01
117318.0,1,0.01
140594.0,1,0.01
111333.0,1,0.01
80912.0,1,0.01
40990.0,1,0.01
163212.0,1,0.01
63108.0,1,0.01
74621.0,1,0.01
66243.0,1,0.01
27757.0,1,0.01
65426.0,1,0.01
88386.0,1,0.01
133869.0,1,0.01
141956.0,1,0.01
142759.0,1,0.01
157713.0,1,0.01
7909.0,1,0.01
164956.0,1,0.01
135640.0,1,0.01
93022.0,1,0.01
129214.0,1,0.01
73653.0,1,0.01
127563.0,1,0.01
108687.0,1,0.01
69326.0,1,0.01
64550.0,1,0.01
66280.0,1,0.01
107374.0,1,0.01
50188.0,1,0.01
1726.0,1,0.01
35485.0,1,0.01
73160.0,1,0.01
116557.0,1,0.01
23932.0,1,0.01
60346.0,1,0.01
86586.0,1,0.01
148355.0,1,0.01
29995.0,1,0.01
81792.0,1,0.01
156836.0,1,0.01
30058.0,1,0.01
106346.0,1,0.01
94347.0,1,0.01
103408.0,1,0.01
151286.0,1,0.01
134283.0,1,0.01
133149.0,1,0.01
11652.0,1,0.01
114356.0,1,0.01
115248.0,1,0.01
34088.0,1,0.01
35254.0,1,0.01
75270.0,1,0.01
29813.0,1,0.01
128509.0,1,0.01
130963.0,1,0.01
22462.0,1,0.01
69836.0,1,0.01
49599.0,1,0.01
63592.0,1,0.01
136915.0,1,0.01
166817.0,1,0.01
145432.0,1,0.01
78702.0,1,0.01
143288.0,1,0.01
120862.0,1,0.01
33352.0,1,0.01
105551.0,1,0.01
95563.0,1,0.01
109147.0,1,0.01
146729.0,1,0.01
110532.0,1,0.01
129192.0,1,0.01
2015.0,1,0.01
15887.0,1,0.01
37174.0,1,0.01
166417.0,1,0.01
66235.0,1,0.01
102349.0,1,0.01
32688.0,1,0.01
99491.0,1,0.01
163976.0,1,0.01
4712.0,1,0.01
136975.0,1,0.01
90716.0,1,0.01
97917.0,1,0.01
152993.0,1,0.01
47864.0,1,0.01
127083.0,1,0.01
10035.0,1,0.01
51204.0,1,0.01
132042.0,1,0.01
66112.0,1,0.01
28494.0,1,0.01
39878.0,1,0.01
41510.0,1,0.01
32048.0,1,0.01
106894.0,1,0.01
78182.0,1,0.01
128874.0,1,0.01
126085.0,1,0.01
92631.0,1,0.01
88402.0,1,0.01
81188.0,1,0.01
87282.0,1,0.01
100599.0,1,0.01
3150.0,1,0.01
131177.0,1,0.01
156627.0,1,0.01
91461.0,1,0.01
107586.0,1,0.01
98991.0,1,0.01
108665.0,1,0.01
141668.0,1,0.01
26673.0,1,0.01
18689.0,1,0.01
56907.0,1,0.01
19175.0,1,0.01
135442.0,1,0.01
71501.0,1,0.01
94463.0,1,0.01
37948.0,1,0.01
140017.0,1,0.01
19866.0,1,0.01
82966.0,1,0.01
148049.0,1,0.01
98730.0,1,0.01
47736.0,1,0.01
85783.0,1,0.01
103552.0,1,0.01
12784.0,1,0.01
26520.0,1,0.01
44857.0,1,0.01
74589.0,1,0.01
134346.0,1,0.01
139280.0,1,0.01
4301.0,1,0.01
80848.0,1,0.01
14446.0,1,0.01
165364.0,1,0.01
12758.0,1,0.01
9366.0,1,0.01
80758.0,1,0.01
11800.0,1,0.01
4110.0,1,0.01
29380.0,1,0.01
137240.0,1,0.01
89797.0,1,0.01
84044.0,1,0.01
70045.0,1,0.01
67470.0,1,0.01
43290.0,1,0.01
66286.0,1,0.01
20260.0,1,0.01
7247.0,1,0.01
145624.0,1,0.01
99610.0,1,0.01
99036.0,1,0.01
158769.0,1,0.01
9077.0,1,0.01
27011.0,1,0.01
23698.0,1,0.01
112919.0,1,0.01
59962.0,1,0.01
67827.0,1,0.01
53387.0,1,0.01
21679.0,1,0.01
151321.0,1,0.01
14259.0,1,0.01
139336.0,1,0.01
99787.0,1,0.01
73601.0,1,0.01
143080.0,1,0.01
144995.0,1,0.01
99103.0,1,0.01
159355.0,1,0.01
4135.0,1,0.01
45966.0,1,0.01
153138.0,1,0.01
46108.0,1,0.01
155634.0,1,0.01
151337.0,1,0.01
86834.0,1,0.01
10455.0,1,0.01
428.0,1,0.01
39097.0,1,0.01
14094.0,1,0.01
130404.0,1,0.01
133940.0,1,0.01
6631.0,1,0.01
166408.0,1,0.01
60950.0,1,0.01
6356.0,1,0.01
22874.0,1,0.01
137260.0,1,0.01
97711.0,1,0.01
5413.0,1,0.01
105035.0,1,0.01
159414.0,1,0.01
97179.0,1,0.01
167111.0,1,0.01
43595.0,1,0.01
34652.0,1,0.01
134050.0,1,0.01
143950.0,1,0.01
70492.0,1,0.01
20933.0,1,0.01
135595.0,1,0.01
50232.0,1,0.01
124664.0,1,0.01
31200.0,1,0.01
148494.0,1,0.01
52009.0,1,0.01
75586.0,1,0.01
124033.0,1,0.01
39006.0,1,0.01
83949.0,1,0.01
53920.0,1,0.01
36264.0,1,0.01
118023.0,1,0.01
18014.0,1,0.01
155000.0,1,0.01
56477.0,1,0.01
157191.0,1,0.01
82415.0,1,0.01
126715.0,1,0.01
94257.0,1,0.01
140045.0,1,0.01
4860.0,1,0.01
134916.0,1,0.01
600.0,1,0.01
83252.0,1,0.01
52183.0,1,0.01
25335.0,1,0.01
74372.0,1,0.01
244.0,1,0.01
159822.0,1,0.01
19959.0,1,0.01
133789.0,1,0.01
93559.0,1,0.01
94022.0,1,0.01
81145.0,1,0.01
164258.0,1,0.01
126332.0,1,0.01
125703.0,1,0.01
54761.0,1,0.01
117282.0,1,0.01
100316.0,1,0.01
20936.0,1,0.01
9357.0,1,0.01
2867.0,1,0.01
48520.0,1,0.01
144875.0,1,0.01
97986.0,1,0.01
90530.0,1,0.01
8145.0,1,0.01
142224.0,1,0.01
156926.0,1,0.01
9072.0,1,0.01
117270.0,1,0.01
31985.0,1,0.01
54940.0,1,0.01
158842.0,1,0.01
124342.0,1,0.01
43235.0,1,0.01
144000.0,1,0.01
65564.0,1,0.01
98641.0,1,0.01
14673.0,1,0.01
166045.0,1,0.01
114119.0,1,0.01
12338.0,1,0.01
32798.0,1,0.01
22678.0,1,0.01
43150.0,1,0.01
8311.0,1,0.01
135849.0,1,0.01
121690.0,1,0.01
74046.0,1,0.01
147927.0,1,0.01
114518.0,1,0.01
75377.0,1,0.01
29556.0,1,0.01
157107.0,1,0.01
67310.0,1,0.01
537.0,1,0.01
22566.0,1,0.01
118325.0,1,0.01
30343.0,1,0.01
123206.0,1,0.01
134375.0,1,0.01
88947.0,1,0.01
152421.0,1,0.01
101122.0,1,0.01
21338.0,1,0.01
116462.0,1,0.01
167138.0,1,0.01
90544.0,1,0.01
141985.0,1,0.01
130926.0,1,0.01
141674.0,1,0.01
63897.0,1,0.01
8490.0,1,0.01
10392.0,1,0.01
133104.0,1,0.01
57174.0,1,0.01
9888.0,1,0.01
60594.0,1,0.01
155702.0,1,0.01
65711.0,1,0.01
105658.0,1,0.01
20197.0,1,0.01
37227.0,1,0.01
64587.0,1,0.01
84963.0,1,0.01
19315.0,1,0.01
141849.0,1,0.01
90162.0,1,0.01
164713.0,1,0.01
148467.0,1,0.01
12678.0,1,0.01
99578.0,1,0.01
13594.0,1,0.01
131765.0,1,0.01
162411.0,1,0.01
46936.0,1,0.01
152358.0,1,0.01
8862.0,1,0.01
11969.0,1,0.01
153323.0,1,0.01
60300.0,1,0.01
120853.0,1,0.01
15373.0,1,0.01
127797.0,1,0.01
128455.0,1,0.01
25271.0,1,0.01
51302.0,1,0.01
154943.0,1,0.01
82885.0,1,0.01
114736.0,1,0.01
119838.0,1,0.01
32408.0,1,0.01
2415.0,1,0.01
115297.0,1,0.01
36191.0,1,0.01
84581.0,1,0.01
120048.0,1,0.01
18084.0,1,0.01
106857.0,1,0.01
4504.0,1,0.01
134000.0,1,0.01
147948.0,1,0.01
84209.0,1,0.01
4285.0,1,0.01
98757.0,1,0.01
45938.0,1,0.01
15988.0,1,0.01
117560.0,1,0.01
73765.0,1,0.01
73459.0,1,0.01
56428.0,1,0.01
41133.0,1,0.01
52289.0,1,0.01
92727.0,1,0.01
164913.0,1,0.01
45961.0,1,0.01
62301.0,1,0.01
159013.0,1,0.01
116722.0,1,0.01
50999.0,1,0.01
121894.0,1,0.01
11050.0,1,0.01
148566.0,1,0.01
99186.0,1,0.01
131839.0,1,0.01
75870.0,1,0.01
30503.0,1,0.01
158964.0,1,0.01
31318.0,1,0.01
123784.0,1,0.01
61780.0,1,0.01
47103.0,1,0.01
103178.0,1,0.01
49465.0,1,0.01
104965.0,1,0.01
114549.0,1,0.01
21013.0,1,0.01
51906.0,1,0.01
28286.0,1,0.01
107279.0,1,0.01
89780.0,1,0.01
28651.0,1,0.01
100863.0,1,0.01
22442.0,1,0.01
53578.0,1,0.01
90344.0,1,0.01
3439.0,1,0.01
161470.0,1,0.01
21353.0,1,0.01
15680.0,1,0.01
78350.0,1,0.01
118431.0,1,0.01
28718.0,1,0.01
165065.0,1,0.01
36907.0,1,0.01
59072.0,1,0.01
54014.0,1,0.01
134656.0,1,0.01
57567.0,1,0.01
23201.0,1,0.01
131838.0,1,0.01
66671.0,1,0.01
107862.0,1,0.01
73005.0,1,0.01
163704.0,1,0.01
85248.0,1,0.01
69124.0,1,0.01
18944.0,1,0.01
153520.0,1,0.01
85815.0,1,0.01
20347.0,1,0.01
130317.0,1,0.01
44339.0,1,0.01
7996.0,1,0.01
131818.0,1,0.01
94175.0,1,0.01
122206.0,1,0.01
119986.0,1,0.01
83051.0,1,0.01
147021.0,1,0.01
6648.0,1,0.01
122975.0,1,0.01
112272.0,1,0.01
112613.0,1,0.01
141936.0,1,0.01
32150.0,1,0.01
48903.0,1,0.01
52109.0,1,0.01
68538.0,1,0.01
9250.0,1,0.01
160987.0,1,0.01
36989.0,1,0.01
33758.0,1,0.01
67667.0,1,0.01
100976.0,1,0.01
130966.0,1,0.01
64670.0,1,0.01
102929.0,1,0.01
16673.0,1,0.01
22354.0,1,0.01
85209.0,1,0.01
58119.0,1,0.01
146864.0,1,0.01
7666.0,1,0.01
128313.0,1,0.01
121213.0,1,0.01
26091.0,1,0.01
135512.0,1,0.01
