Feature,MachineIdentifier,ProductName,EngineVersion,AppVersion,AvSigVersion,IsBeta,RtpStateBitfield,IsSxsPassiveMode,DefaultBrowsersIdentifier,AVProductStatesIdentifier,AVProductsInstalled,AVProductsEnabled,HasTpm,CountryIdentifier,CityIdentifier,OrganizationIdentifier,GeoNameIdentifier,LocaleEnglishNameIdentifier,Platform,Processor,OsVer,OsBuild,OsSuite,OsPlatformSubRelease,OsBuildLab,SkuEdition,IsProtected,AutoSampleOptIn,PuaMode,SMode,IeVerIdentifier,SmartScreen,Firewall,UacLuaenable,Census_MDC2FormFactor,Census_DeviceFamily,Census_OEMNameIdentifier,Census_OEMModelIdentifier,Census_ProcessorCoreCount,Census_ProcessorManufacturerIdentifier,Census_ProcessorModelIdentifier,Census_ProcessorClass,Census_PrimaryDiskTotalCapacity,Census_PrimaryDiskTypeName,Census_SystemVolumeTotalCapacity,Census_HasOpticalDiskDrive,Census_TotalPhysicalRAM,Census_ChassisTypeName,Census_InternalPrimaryDiagonalDisplaySizeInInches,Census_InternalPrimaryDisplayResolutionHorizontal,Census_InternalPrimaryDisplayResolutionVertical,Census_PowerPlatformRoleName,Census_InternalBatteryType,Census_InternalBatteryNumberOfCharges,Census_OSVersion,Census_OSArchitecture,Census_OSBranch,Census_OSBuildNumber,Census_OSBuildRevision,Census_OSEdition,Census_OSSkuName,Census_OSInstallTypeName,Census_OSInstallLanguageIdentifier,Census_OSUILocaleIdentifier,Census_OSWUAutoUpdateOptionsName,Census_IsPortableOperatingSystem,Census_GenuineStateName,Census_ActivationChannel,Census_IsFlightingInternal,Census_IsFlightsDisabled,Census_FlightRing,Census_ThresholdOptIn,Census_FirmwareManufacturerIdentifier,Census_FirmwareVersionIdentifier,Census_IsSecureBootEnabled,Census_IsWIMBootEnabled,Census_IsVirtualDevice,Census_IsTouchEnabled,Census_IsPenCapable,Census_IsAlwaysOnAlwaysConnectedCapable,Wdft_IsGamer,Wdft_RegionIdentifier,HasDetections
count,10000,10000,10000,10000,10000,10000.0,9966.0,10000.0,472.0,9970.0,9970.0,9970.0,10000.0,10000.0,9617.0,6972.0,10000.0,10000.0,10000,10000,10000,10000.0,10000.0,10000,10000,10000,9970.0,10000.0,3,9391.0,9925.0,6396,9904.0,9991.0,10000,10000,9896.0,9885.0,9956.0,9956.0,9956.0,42,9944.0,9984,9944.0,10000.0,9908.0,10000,9950.0,9950.0,9950.0,10000,2880,9685.0,10000,10000,10000,10000.0,10000.0,10000,10000,10000,9927.0,10000.0,10000,10000.0,10000,10000,1691.0,9814.0,10000,3628.0,9794.0,9815.0,10000.0,3639.0,9983.0,10000.0,10000.0,9922.0,9691.0,9691.0,10000.0
unique,10000,2,36,58,1661,,,,,,,,,,,,,,4,3,3,,,9,205,8,,,1,,,8,,,11,2,,,,,,3,,4,,,,23,,,,8,13,,184,3,13,,,15,14,9,,,6,,4,6,,,7,,,,,,,,,,,,
top,0000028988387b115f69f31a3bf04f09,win8defender,1.1.15200.1,4.18.1807.18075,1.273.1420.0,,,,,,,,,,,,,,windows10,x64,10.0.0.0,,,rs4,17134.1.amd64fre.rs4_release.180410-1804,Home,,,on,,,RequireAdmin,,,Notebook,Windows.Desktop,,,,,,mid,,HDD,,,,Notebook,,,,Mobile,lion,,10.0.17134.228,amd64,rs4_release,,,Core,CORE,UUPUpgrade,,,FullAuto,,IS_GENUINE,Retail,,,Retail,,,,,,,,,,,,
freq,1,9901,4361,5878,123,,,,,,,,,,,,,,9684,9095,9698,,,4468,4171,6081,,,3,,,4830,,,6395,9986,,,,,,26,,6441,,,,5851,,,,6873,2261,,1574,9087,4560,,,3874,3875,2988,,,4467,,8852,5290,,,9364,,,,,,,,,,,,
mean,,,,,,0.0,6.842364037728276,0.0178,1585.5762711864406,47816.19789368104,1.316950852557673,1.0191574724172519,0.9889,109.4875,81116.63720494957,24.85671256454389,172.2881,122.9918,,,,15745.965,569.4944,,,,0.9509528585757272,0.0,,0.00042593972952827174,126.28030226700253,,0.9770799676898223,0.9935942348113302,,,2226.6488480194016,238885.11077389985,4.0194857372438735,4.529329047810366,2373.448372840498,,510857.71560740145,,376073.3930008045,0.0716,6204.309749697214,,16.777939698492464,1550.934472361809,899.647336683417,,,1151681274.2582345,,,,15844.8797,959.7648,,,,14.705751989523522,60.8239,,0.0011,,,0.0,0.0,,0.0,397.5722891566265,32870.96097809475,0.4816,0.0,0.007612942001402384,0.1191,0.0358,0.0565410199556541,0.2822206170673821,7.86348158084821,0.505
std,,,,,,0.0,1.0342529998816474,0.1322305127073599,963.62421124488,14070.304517608763,0.5160125622320944,0.16314595841897558,0.10477541595611918,62.980791530118125,49074.62057282358,5.691840907153812,88.38853065655857,69.33833076424101,,,,2170.4631483170783,249.48817527810564,,,,0.21597730898902195,0.0,,0.020635010214380044,41.6263806039149,,0.1496561586943733,0.0797832593421877,,,1321.7922266850899,72906.4221784193,2.0121234705082847,1.292424161319059,841.8138956464413,,351176.19303594955,,321565.8653639364,0.2578373285790986,4659.155940030705,,5.9689445550952245,371.54917433800705,214.2541721575386,,,1902744361.3086624,,,,1964.197177597891,2893.352406309288,,,,10.2464960448437,45.07979489284146,,0.0331496589724377,,,0.0,0.0,,0.0,220.9511750645478,21156.29763050268,0.49968631023957494,0.0,0.08692377106607206,0.32392234033521,0.18580046335039105,0.230975128333712,0.4501033721792555,4.594118218046734,0.4999999999999927
min,,,,,,0.0,0.0,0.0,10.0,39.0,1.0,0.0,0.0,1.0,41.0,1.0,1.0,2.0,,,,7601.0,16.0,,,,0.0,0.0,,0.0,41.0,,0.0,0.0,,,74.0,150.0,1.0,1.0,19.0,,10680.0,,10129.0,0.0,1023.0,,4.9,640.0,480.0,,,0.0,,,,10240.0,0.0,,,,1.0,5.0,,0.0,,,0.0,0.0,,0.0,93.0,727.0,0.0,0.0,0.0,0.0,0.0,0.0,0.0,1.0,0.0
25%,,,,,,0.0,7.0,0.0,788.0,49480.0,1.0,1.0,1.0,51.0,36360.0,18.0,89.0,74.0,,,,15063.0,256.0,,,,1.0,0.0,,0.0,111.0,,1.0,1.0,,,1443.0,189816.0,2.0,5.0,1998.0,,239372.0,,120671.5,0.0,4096.0,,13.9,1366.0,768.0,,,0.0,,,,15063.0,165.0,,,,8.0,31.0,,0.0,,,0.0,0.0,,0.0,142.0,12950.5,0.0,0.0,0.0,0.0,0.0,0.0,0.0,3.0,0.0
50%,,,,,,0.0,7.0,0.0,1632.0,53447.0,1.0,1.0,1.0,97.0,82373.0,27.0,191.5,88.0,,,,16299.0,768.0,,,,1.0,0.0,,0.0,135.0,,1.0,1.0,,,2102.0,247485.0,4.0,5.0,2503.0,,476940.0,,246909.0,0.0,4096.0,,15.5,1366.0,768.0,,,0.0,,,,16299.0,285.0,,,,9.0,34.0,,0.0,,,0.0,0.0,,0.0,500.0,33070.0,0.0,0.0,0.0,0.0,0.0,0.0,0.0,10.0,1.0
75%,,,,,,0.0,7.0,0.0,2170.0,53447.0,2.0,1.0,1.0,164.0,124641.0,27.0,267.0,182.0,,,,17134.0,768.0,,,,1.0,0.0,,0.0,137.0,,1.0,1.0,,,2668.0,305720.0,4.0,5.0,2884.25,,953869.0,,475978.25,0.0,8192.0,,17.3,1920.0,1080.0,,,4294967295.0,,,,17134.0,547.0,,,,20.0,92.0,,0.0,,,0.0,0.0,,0.0,556.0,52342.0,1.0,0.0,0.0,0.0,0.0,0.0,1.0,11.0,1.0
max,,,,,,0.0,8.0,1.0,3195.0,70262.0,5.0,4.0,1.0,222.0,167886.0,52.0,295.0,283.0,,,,17758.0,768.0,,,,1.0,0.0,,1.0,337.0,,1.0,1.0,,,5913.0,345356.0,32.0,10.0,4425.0,,3815447.0,,2860311.0,1.0,65536.0,,81.3,5760.0,2880.0,,,4294967295.0,,,,17758.0,17976.0,,,,39.0,161.0,,1.0,,,0.0,0.0,,0.0,1081.0,72070.0,1.0,0.0,1.0,1.0,1.0,1.0,1.0,15.0,1.0
