Feature,Missing Percentage (%),Correlation with Target,Missing Values Correlation with Target
SMode,6.23,-0.0180716670006341,-0.03930498401204292
Census_InternalBatteryNumberOfCharges,3.1399999999999997,0.043202586184363394,0.028670346911372047
Census_ProcessorCoreCount,0.61,0.04612370181248646,0.021832961984123465
Census_ProcessorManufacturerIdentifier,0.61,-0.005286556192407574,0.021832961984123465
Census_ProcessorModelIdentifier,0.61,0.013852708143522194,0.021832961984123465
Census_PrimaryDiskTotalCapacity,0.64,0.03597894860764367,0.020064308847628116
Census_SystemVolumeTotalCapacity,0.64,0.007775095469681093,0.020064308847628116
DefaultBrowsersIdentifier,95.13000000000001,-0.004279497275929147,0.019048493223056427
Census_FirmwareManufacturerIdentifier,2.2399999999999998,-0.029244435743673695,-0.018921406922703582
Census_OSInstallLanguageIdentifier,0.67,0.018194374127138698,0.018387117017253422
AVProductsInstalled,0.52,-0.15673577304960185,-0.01668444197641055
AVProductsEnabled,0.52,-0.05509271028645483,-0.01668444197641055
IsProtected,0.52,0.049925067734189664,-0.01668444197641055
AVProductStatesIdentifier,0.52,0.11930970199798743,-0.01668444197641055
Census_IsAlwaysOnAlwaysConnectedCapable,0.8200000000000001,-0.07195451863253727,0.01552419386389902
UacLuaenable,0.08,0.00984288713525894,0.014147795874357303
Firewall,0.9400000000000001,-0.0113746615436747,0.01243564046631671
Census_FirmwareVersionIdentifier,1.95,-0.008457280669941872,-0.012294413527403148
Census_IsVirtualDevice,0.19,-0.04883610229999337,0.011481699494092354
RtpStateBitfield,0.38,0.044306743771991314,0.009751831383052757
Census_OEMNameIdentifier,1.2,-0.0008052255627558604,0.00734718358370635
Census_TotalPhysicalRAM,1.09,0.05927545592709143,0.006741626532137803
Census_InternalPrimaryDisplayResolutionVertical,0.59,0.010093569180412033,0.0065287338060363445
Census_InternalPrimaryDisplayResolutionHorizontal,0.59,0.026697053385421426,0.0065287338060363445
Census_InternalPrimaryDiagonalDisplaySizeInInches,0.59,0.058816880389242585,0.0065287338060363445
OrganizationIdentifier,30.769999999999996,0.014064526545525508,0.0054166290520701295
Census_ThresholdOptIn,63.949999999999996,-0.016764031078177807,-0.004790214125557409
IeVerIdentifier,0.6799999999999999,0.02769205181438735,0.002433644757034147
CityIdentifier,4.0,-0.004477193718664412,0.0020412414523193335
Wdft_IsGamer,3.51,0.06517681206623495,0.001630146152496194
Wdft_RegionIdentifier,3.51,-0.01833835099379534,0.001630146152496194
Census_OEMModelIdentifier,1.3,-0.018033745173075977,-5.682502014710808e-17
