Census_OEMNameIdentifier,Count,Percentage
2668.0,1429,14.29
2102.0,1151,11.51
1443.0,1055,10.549999999999999
2206.0,1022,10.22
525.0,961,9.610000000000001
585.0,954,9.54
4589.0,369,3.6900000000000004
1980.0,344,3.44
4730.0,338,3.38
4142.0,216,2.16
4490.0,177,1.77
4909.0,158,1.58
3035.0,157,1.5699999999999998
3150.0,138,1.38
516.0,90,0.8999999999999999
530.0,89,0.89
3133.0,81,0.8099999999999999
3799.0,59,0.59
2689.0,50,0.5
1780.0,50,0.5
4915.0,47,0.47000000000000003
666.0,44,0.44
3890.0,41,0.41000000000000003
528.0,33,0.33
5080.0,31,0.31
778.0,26,0.26
639.0,26,0.26
1530.0,25,0.25
5771.0,23,0.22999999999999998
2436.0,19,0.19
1953.0,19,0.19
3101.0,18,0.18
2907.0,17,0.16999999999999998
2108.0,17,0.16999999999999998
3436.0,16,0.16
1434.0,16,0.16
924.0,14,0.13999999999999999
2260.0,14,0.13999999999999999
3908.0,13,0.13
3303.0,13,0.13
3818.0,12,0.12
4902.0,10,0.1
5682.0,10,0.1
3132.0,9,0.09
1002.0,8,0.08
5738.0,8,0.08
2941.0,8,0.08
1781.0,7,0.06999999999999999
3469.0,7,0.06999999999999999
2138.0,7,0.06999999999999999
3761.0,7,0.06999999999999999
2161.0,7,0.06999999999999999
1915.0,7,0.06999999999999999
2910.0,7,0.06999999999999999
2427.0,7,0.06999999999999999
2690.0,6,0.06
3812.0,6,0.06
2903.0,6,0.06
927.0,6,0.06
4895.0,6,0.06
963.0,5,0.05
2991.0,5,0.05
2537.0,5,0.05
3130.0,5,0.05
2096.0,5,0.05
1475.0,5,0.05
1180.0,5,0.05
4894.0,4,0.04
1624.0,4,0.04
1769.0,4,0.04
2503.0,4,0.04
3894.0,4,0.04
3710.0,4,0.04
2051.0,4,0.04
594.0,4,0.04
2915.0,3,0.03
3042.0,3,0.03
513.0,3,0.03
4758.0,3,0.03
3352.0,3,0.03
540.0,3,0.03
4213.0,3,0.03
285.0,3,0.03
2364.0,3,0.03
1249.0,3,0.03
612.0,3,0.03
384.0,3,0.03
1177.0,3,0.03
2180.0,3,0.03
561.0,3,0.03
4397.0,3,0.03
2647.0,3,0.03
4687.0,3,0.03
2942.0,3,0.03
3760.0,3,0.03
1984.0,3,0.03
4512.0,3,0.03
5345.0,3,0.03
3883.0,3,0.03
2166.0,3,0.03
5280.0,2,0.02
2060.0,2,0.02
176.0,2,0.02
5786.0,2,0.02
5053.0,2,0.02
3734.0,2,0.02
3458.0,2,0.02
614.0,2,0.02
5049.0,2,0.02
4428.0,2,0.02
623.0,2,0.02
2820.0,2,0.02
5076.0,2,0.02
4185.0,2,0.02
2147.0,2,0.02
1572.0,2,0.02
4079.0,2,0.02
2150.0,2,0.02
1088.0,2,0.02
4645.0,2,0.02
2727.0,2,0.02
1407.0,2,0.02
4547.0,2,0.02
3004.0,2,0.02
4765.0,2,0.02
1421.0,2,0.02
4632.0,2,0.02
4785.0,2,0.02
3617.0,2,0.02
2593.0,2,0.02
1912.0,2,0.02
964.0,2,0.02
926.0,2,0.02
5798.0,2,0.02
5401.0,2,0.02
3672.0,2,0.02
3674.0,2,0.02
981.0,2,0.02
3145.0,2,0.02
928.0,2,0.02
5342.0,2,0.02
249.0,2,0.02
2225.0,2,0.02
3694.0,2,0.02
4088.0,2,0.02
3835.0,2,0.02
748.0,2,0.02
4682.0,2,0.02
2424.0,2,0.02
922.0,2,0.02
3685.0,2,0.02
2767.0,2,0.02
1178.0,2,0.02
3254.0,1,0.01
2965.0,1,0.01
1007.0,1,0.01
4959.0,1,0.01
1713.0,1,0.01
5310.0,1,0.01
1105.0,1,0.01
3289.0,1,0.01
2023.0,1,0.01
4458.0,1,0.01
2906.0,1,0.01
1376.0,1,0.01
5767.0,1,0.01
2876.0,1,0.01
1302.0,1,0.01
5154.0,1,0.01
4287.0,1,0.01
3985.0,1,0.01
2420.0,1,0.01
314.0,1,0.01
2588.0,1,0.01
1349.0,1,0.01
2620.0,1,0.01
733.0,1,0.01
1393.0,1,0.01
5302.0,1,0.01
1908.0,1,0.01
989.0,1,0.01
1185.0,1,0.01
4936.0,1,0.01
731.0,1,0.01
4946.0,1,0.01
3607.0,1,0.01
2182.0,1,0.01
5149.0,1,0.01
3189.0,1,0.01
4938.0,1,0.01
2112.0,1,0.01
2431.0,1,0.01
2142.0,1,0.01
282.0,1,0.01
2269.0,1,0.01
3563.0,1,0.01
1484.0,1,0.01
1995.0,1,0.01
3726.0,1,0.01
3769.0,1,0.01
973.0,1,0.01
2563.0,1,0.01
4772.0,1,0.01
5913.0,1,0.01
793.0,1,0.01
711.0,1,0.01
3988.0,1,0.01
5106.0,1,0.01
3180.0,1,0.01
2511.0,1,0.01
5773.0,1,0.01
625.0,1,0.01
5308.0,1,0.01
2543.0,1,0.01
4245.0,1,0.01
2912.0,1,0.01
2649.0,1,0.01
2606.0,1,0.01
991.0,1,0.01
3279.0,1,0.01
3266.0,1,0.01
5761.0,1,0.01
5890.0,1,0.01
1179.0,1,0.01
3098.0,1,0.01
2091.0,1,0.01
1629.0,1,0.01
527.0,1,0.01
5400.0,1,0.01
4768.0,1,0.01
382.0,1,0.01
3981.0,1,0.01
1973.0,1,0.01
2334.0,1,0.01
4691.0,1,0.01
5770.0,1,0.01
3688.0,1,0.01
5279.0,1,0.01
4143.0,1,0.01
2653.0,1,0.01
4983.0,1,0.01
2474.0,1,0.01
2497.0,1,0.01
3800.0,1,0.01
2325.0,1,0.01
3702.0,1,0.01
1325.0,1,0.01
2251.0,1,0.01
3965.0,1,0.01
478.0,1,0.01
74.0,1,0.01
383.0,1,0.01
4889.0,1,0.01
3522.0,1,0.01
3884.0,1,0.01
5247.0,1,0.01
2046.0,1,0.01
2652.0,1,0.01
1114.0,1,0.01
4407.0,1,0.01
3040.0,1,0.01
4154.0,1,0.01
3084.0,1,0.01
5236.0,1,0.01
4532.0,1,0.01
2163.0,1,0.01
1488.0,1,0.01
2081.0,1,0.01
2179.0,1,0.01
3172.0,1,0.01
2573.0,1,0.01
4415.0,1,0.01
3354.0,1,0.01
2396.0,1,0.01
1115.0,1,0.01
2553.0,1,0.01
5318.0,1,0.01
1643.0,1,0.01
1799.0,1,0.01
1830.0,1,0.01
309.0,1,0.01
5164.0,1,0.01
300.0,1,0.01
5776.0,1,0.01
5219.0,1,0.01
3459.0,1,0.01
4644.0,1,0.01
1625.0,1,0.01
4582.0,1,0.01
5123.0,1,0.01
