Census_InternalPrimaryDiagonalDisplaySizeInInches,Count,Percentage
15.5,3396,33.96
13.9,1078,10.780000000000001
14.0,580,5.800000000000001
11.6,332,3.32
21.5,293,2.93
13.3,272,2.7199999999999998
18.5,260,2.6
23.0,256,2.56
13.2,230,2.3
17.3,229,2.29
15.6,184,1.8399999999999999
10.1,160,1.6
27.0,144,1.44
17.2,139,1.39
24.0,136,1.3599999999999999
20.0,116,1.16
15.3,95,0.95
23.5,91,0.91
19.0,80,0.8
23.8,78,0.7799999999999999
17.0,78,0.7799999999999999
19.5,76,0.76
19.4,75,0.75
21.7,65,0.65
22.0,63,0.63
12.3,62,0.62
15.4,61,0.61
10.0,59,0.59
12.5,57,0.5700000000000001
16.3,57,0.5700000000000001
18.9,57,0.5700000000000001
14.1,54,0.54
17.1,48,0.48
12.0,39,0.38999999999999996
72.3,38,0.38
23.1,37,0.37
19.1,35,0.35000000000000003
31.5,34,0.33999999999999997
24.1,33,0.33
15.0,31,0.31
8.0,28,0.27999999999999997
12.9,27,0.27
10.3,26,0.26
18.4,24,0.24
19.9,23,0.22999999999999998
20.1,20,0.2
52.0,20,0.2
15.7,19,0.19
13.5,16,0.16
12.1,16,0.16
27.2,16,0.16
12.7,16,0.16
20.7,16,0.16
10.8,15,0.15
12.2,13,0.13
23.6,13,0.13
10.6,13,0.13
18.7,12,0.12
15.9,12,0.12
10.4,12,0.12
32.0,11,0.11
17.7,11,0.11
34.1,10,0.1
14.9,10,0.1
40.0,10,0.1
40.2,9,0.09
14.8,9,0.09
21.6,9,0.09
28.9,8,0.08
23.4,8,0.08
13.4,7,0.06999999999999999
54.6,7,0.06999999999999999
20.4,7,0.06999999999999999
25.0,7,0.06999999999999999
18.6,6,0.06
20.8,6,0.06
11.9,6,0.06
16.7,6,0.06
24.5,6,0.06
16.2,5,0.05
27.5,5,0.05
11.4,5,0.05
27.9,5,0.05
12.4,5,0.05
28.8,5,0.05
9.9,5,0.05
46.0,5,0.05
8.3,4,0.04
18.8,4,0.04
43.0,4,0.04
8.8,4,0.04
14.7,4,0.04
50.1,4,0.04
6.9,4,0.04
11.5,4,0.04
47.4,4,0.04
19.7,4,0.04
20.2,4,0.04
21.9,3,0.03
24.9,3,0.03
21.3,3,0.03
19.8,3,0.03
17.5,3,0.03
57.8,3,0.03
15.8,3,0.03
28.6,3,0.03
26.6,3,0.03
18.1,3,0.03
26.0,3,0.03
65.0,3,0.03
26.9,3,0.03
37.0,3,0.03
14.5,3,0.03
12.8,3,0.03
16.6,3,0.03
19.6,2,0.02
11.8,2,0.02
22.8,2,0.02
20.3,2,0.02
35.4,2,0.02
13.8,2,0.02
21.1,2,0.02
21.0,2,0.02
22.7,2,0.02
19.3,2,0.02
22.6,2,0.02
22.5,2,0.02
7.0,2,0.02
8.1,2,0.02
30.6,2,0.02
24.7,2,0.02
8.9,2,0.02
22.2,2,0.02
14.3,2,0.02
13.0,2,0.02
16.0,1,0.01
49.7,1,0.01
8.4,1,0.01
10.2,1,0.01
29.2,1,0.01
33.1,1,0.01
23.7,1,0.01
81.3,1,0.01
25.6,1,0.01
59.4,1,0.01
55.0,1,0.01
26.4,1,0.01
12.6,1,0.01
29.8,1,0.01
5.0,1,0.01
25.2,1,0.01
9.0,1,0.01
64.2,1,0.01
26.1,1,0.01
13.6,1,0.01
14.6,1,0.01
25.4,1,0.01
26.5,1,0.01
20.9,1,0.01
30.2,1,0.01
39.9,1,0.01
9.7,1,0.01
24.2,1,0.01
17.6,1,0.01
14.2,1,0.01
25.5,1,0.01
36.1,1,0.01
5.5,1,0.01
16.8,1,0.01
15.2,1,0.01
27.3,1,0.01
61.0,1,0.01
17.4,1,0.01
74.5,1,0.01
31.2,1,0.01
6.0,1,0.01
42.1,1,0.01
48.1,1,0.01
41.3,1,0.01
11.1,1,0.01
7.9,1,0.01
27.7,1,0.01
29.4,1,0.01
35.0,1,0.01
48.6,1,0.01
22.1,1,0.01
26.8,1,0.01
54.9,1,0.01
31.7,1,0.01
32.1,1,0.01
4.9,1,0.01
15.1,1,0.01
