Census_OEMModelIdentifier,Count,Percentage
313586.0,364,3.64
242491.0,293,2.93
317701.0,159,1.59
317708.0,143,1.43
228975.0,92,0.9199999999999999
188345.0,90,0.8999999999999999
245824.0,89,0.89
241876.0,74,0.74
248045.0,54,0.54
244755.0,49,0.49
251630.0,48,0.48
313507.0,42,0.42
228726.0,37,0.37
256585.0,37,0.37
171320.0,33,0.33
35255.0,30,0.3
241805.0,29,0.29
313506.0,28,0.27999999999999997
256682.0,28,0.27999999999999997
241911.0,27,0.27
256480.0,26,0.26
171210.0,24,0.24
246715.0,23,0.22999999999999998
229904.0,23,0.22999999999999998
248395.0,23,0.22999999999999998
229929.0,23,0.22999999999999998
328142.0,23,0.22999999999999998
229920.0,23,0.22999999999999998
256477.0,22,0.22
275835.0,21,0.21
189557.0,21,0.21
202067.0,21,0.21
313504.0,21,0.21
171319.0,21,0.21
256588.0,21,0.21
189457.0,21,0.21
256679.0,20,0.2
331262.0,20,0.2
171331.0,20,0.2
189454.0,20,0.2
256685.0,20,0.2
331196.0,19,0.19
171477.0,19,0.19
241881.0,19,0.19
171152.0,19,0.19
256581.0,19,0.19
171357.0,19,0.19
331192.0,18,0.18
245056.0,18,0.18
170931.0,18,0.18
171222.0,18,0.18
323712.0,17,0.16999999999999998
171481.0,16,0.16
189547.0,16,0.16
171301.0,16,0.16
263600.0,16,0.16
189470.0,15,0.15
35151.0,15,0.15
331226.0,15,0.15
170875.0,15,0.15
248003.0,15,0.15
189551.0,14,0.13999999999999999
248167.0,14,0.13999999999999999
323711.0,14,0.13999999999999999
189529.0,14,0.13999999999999999
171449.0,14,0.13999999999999999
189211.0,14,0.13999999999999999
189447.0,14,0.13999999999999999
189533.0,14,0.13999999999999999
331205.0,13,0.13
193937.0,13,0.13
331275.0,13,0.13
225830.0,13,0.13
328447.0,13,0.13
292224.0,12,0.12
120212.0,12,0.12
171468.0,12,0.12
171180.0,12,0.12
189538.0,12,0.12
256784.0,12,0.12
256779.0,12,0.12
189227.0,12,0.12
247520.0,12,0.12
331207.0,12,0.12
171470.0,12,0.12
260856.0,12,0.12
189543.0,11,0.11
331054.0,11,0.11
331225.0,11,0.11
256586.0,11,0.11
249150.0,11,0.11
314086.0,11,0.11
256476.0,11,0.11
251654.0,11,0.11
313498.0,11,0.11
255471.0,11,0.11
229888.0,11,0.11
202581.0,11,0.11
244535.0,11,0.11
238613.0,11,0.11
171230.0,10,0.1
331269.0,10,0.1
189340.0,10,0.1
244631.0,10,0.1
331242.0,10,0.1
202591.0,10,0.1
249148.0,10,0.1
170927.0,10,0.1
229993.0,10,0.1
172079.0,10,0.1
256686.0,10,0.1
172078.0,10,0.1
229769.0,10,0.1
35257.0,10,0.1
298689.0,10,0.1
251667.0,10,0.1
263668.0,9,0.09
331261.0,9,0.09
331210.0,9,0.09
171473.0,9,0.09
238219.0,9,0.09
171199.0,9,0.09
275846.0,9,0.09
328439.0,9,0.09
256463.0,9,0.09
275818.0,9,0.09
331197.0,9,0.09
250496.0,9,0.09
275890.0,9,0.09
229568.0,9,0.09
331227.0,9,0.09
248411.0,9,0.09
251615.0,9,0.09
171341.0,9,0.09
190277.0,9,0.09
331058.0,9,0.09
171469.0,9,0.09
35067.0,9,0.09
260855.0,9,0.09
189586.0,9,0.09
331893.0,9,0.09
229829.0,9,0.09
200201.0,9,0.09
202928.0,9,0.09
190101.0,9,0.09
302480.0,9,0.09
229762.0,8,0.08
189204.0,8,0.08
171143.0,8,0.08
245925.0,8,0.08
263673.0,8,0.08
170864.0,8,0.08
275868.0,8,0.08
256479.0,8,0.08
263565.0,8,0.08
310837.0,8,0.08
260854.0,8,0.08
256561.0,8,0.08
171306.0,8,0.08
275768.0,8,0.08
256583.0,8,0.08
331095.0,8,0.08
4443.0,8,0.08
313502.0,8,0.08
171293.0,8,0.08
256746.0,8,0.08
298690.0,8,0.08
263553.0,8,0.08
328480.0,8,0.08
256877.0,8,0.08
189218.0,8,0.08
171418.0,8,0.08
241798.0,8,0.08
241812.0,8,0.08
275863.0,8,0.08
229999.0,8,0.08
225825.0,8,0.08
189467.0,8,0.08
318779.0,8,0.08
189788.0,8,0.08
134956.0,8,0.08
257573.0,7,0.06999999999999999
225827.0,7,0.06999999999999999
189540.0,7,0.06999999999999999
331099.0,7,0.06999999999999999
314077.0,7,0.06999999999999999
275885.0,7,0.06999999999999999
331894.0,7,0.06999999999999999
120219.0,7,0.06999999999999999
172108.0,7,0.06999999999999999
171149.0,7,0.06999999999999999
120223.0,7,0.06999999999999999
252541.0,7,0.06999999999999999
331211.0,7,0.06999999999999999
245943.0,7,0.06999999999999999
189209.0,7,0.06999999999999999
256448.0,7,0.06999999999999999
249154.0,7,0.06999999999999999
331271.0,7,0.06999999999999999
238319.0,7,0.06999999999999999
230160.0,7,0.06999999999999999
35266.0,7,0.06999999999999999
311034.0,7,0.06999999999999999
313499.0,7,0.06999999999999999
275889.0,7,0.06999999999999999
189519.0,7,0.06999999999999999
300395.0,7,0.06999999999999999
240053.0,7,0.06999999999999999
275771.0,7,0.06999999999999999
256684.0,7,0.06999999999999999
170897.0,7,0.06999999999999999
202131.0,7,0.06999999999999999
228576.0,7,0.06999999999999999
257648.0,7,0.06999999999999999
256651.0,7,0.06999999999999999
249147.0,7,0.06999999999999999
189398.0,7,0.06999999999999999
257642.0,7,0.06999999999999999
228115.0,7,0.06999999999999999
331069.0,7,0.06999999999999999
170874.0,6,0.06
188924.0,6,0.06
227543.0,6,0.06
256683.0,6,0.06
116318.0,6,0.06
240912.0,6,0.06
190036.0,6,0.06
208502.0,6,0.06
189541.0,6,0.06
256777.0,6,0.06
230412.0,6,0.06
171211.0,6,0.06
313524.0,6,0.06
231633.0,6,0.06
171478.0,6,0.06
246566.0,6,0.06
264558.0,6,0.06
35261.0,6,0.06
261730.0,6,0.06
293458.0,6,0.06
263613.0,6,0.06
293475.0,6,0.06
189414.0,6,0.06
229779.0,6,0.06
313511.0,6,0.06
189537.0,6,0.06
256677.0,6,0.06
256436.0,6,0.06
263588.0,6,0.06
171113.0,6,0.06
189521.0,6,0.06
256664.0,6,0.06
331193.0,6,0.06
35156.0,6,0.06
328520.0,6,0.06
331096.0,6,0.06
330909.0,6,0.06
189350.0,6,0.06
171141.0,6,0.06
227527.0,6,0.06
256669.0,6,0.06
249458.0,6,0.06
246154.0,6,0.06
171476.0,6,0.06
257661.0,6,0.06
256567.0,6,0.06
300006.0,6,0.06
275832.0,6,0.06
331212.0,6,0.06
250109.0,6,0.06
152108.0,6,0.06
207404.0,6,0.06
241660.0,6,0.06
189448.0,6,0.06
131674.0,6,0.06
311127.0,6,0.06
250577.0,5,0.05
253326.0,5,0.05
223835.0,5,0.05
256633.0,5,0.05
189460.0,5,0.05
230100.0,5,0.05
314076.0,5,0.05
311099.0,5,0.05
333207.0,5,0.05
275118.0,5,0.05
120211.0,5,0.05
256450.0,5,0.05
260890.0,5,0.05
208507.0,5,0.05
120220.0,5,0.05
200309.0,5,0.05
171167.0,5,0.05
189516.0,5,0.05
35154.0,5,0.05
238933.0,5,0.05
250271.0,5,0.05
202600.0,5,0.05
263550.0,5,0.05
234839.0,5,0.05
331204.0,5,0.05
189520.0,5,0.05
189200.0,5,0.05
250461.0,5,0.05
248311.0,5,0.05
331260.0,5,0.05
330899.0,5,0.05
256582.0,5,0.05
313500.0,5,0.05
241948.0,5,0.05
230088.0,5,0.05
328141.0,5,0.05
239728.0,5,0.05
202926.0,5,0.05
256460.0,5,0.05
229872.0,5,0.05
150208.0,5,0.05
229822.0,5,0.05
171142.0,5,0.05
314088.0,5,0.05
331042.0,5,0.05
311910.0,5,0.05
256689.0,5,0.05
256665.0,5,0.05
172109.0,5,0.05
260727.0,5,0.05
225828.0,5,0.05
275781.0,5,0.05
172133.0,5,0.05
253653.0,5,0.05
260731.0,5,0.05
331298.0,5,0.05
200195.0,5,0.05
202144.0,5,0.05
331238.0,5,0.05
311994.0,5,0.05
241927.0,5,0.05
116315.0,5,0.05
189844.0,5,0.05
256648.0,5,0.05
189351.0,5,0.05
275893.0,5,0.05
189046.0,5,0.05
298951.0,5,0.05
171280.0,5,0.05
275849.0,5,0.05
256564.0,5,0.05
189383.0,5,0.05
189408.0,5,0.05
313561.0,5,0.05
171356.0,5,0.05
188321.0,5,0.05
245711.0,5,0.05
263666.0,5,0.05
311102.0,5,0.05
265360.0,5,0.05
316872.0,5,0.05
331273.0,5,0.05
229775.0,5,0.05
328545.0,5,0.05
311008.0,5,0.05
189406.0,4,0.04
260816.0,4,0.04
275884.0,4,0.04
171119.0,4,0.04
189816.0,4,0.04
229979.0,4,0.04
170877.0,4,0.04
313532.0,4,0.04
230998.0,4,0.04
189033.0,4,0.04
189226.0,4,0.04
238901.0,4,0.04
256606.0,4,0.04
328441.0,4,0.04
263622.0,4,0.04
250107.0,4,0.04
256723.0,4,0.04
256493.0,4,0.04
241010.0,4,0.04
189959.0,4,0.04
188316.0,4,0.04
328869.0,4,0.04
27271.0,4,0.04
318748.0,4,0.04
331181.0,4,0.04
249851.0,4,0.04
299378.0,4,0.04
313505.0,4,0.04
171480.0,4,0.04
312007.0,4,0.04
257629.0,4,0.04
189524.0,4,0.04
170863.0,4,0.04
318771.0,4,0.04
241921.0,4,0.04
331061.0,4,0.04
229988.0,4,0.04
260070.0,4,0.04
171333.0,4,0.04
35192.0,4,0.04
260878.0,4,0.04
35141.0,4,0.04
249082.0,4,0.04
334083.0,4,0.04
264592.0,4,0.04
222986.0,4,0.04
275816.0,4,0.04
324560.0,4,0.04
189015.0,4,0.04
189996.0,4,0.04
257584.0,4,0.04
250169.0,4,0.04
228234.0,4,0.04
228145.0,4,0.04
331239.0,4,0.04
245771.0,4,0.04
202132.0,4,0.04
171273.0,4,0.04
264568.0,4,0.04
153477.0,4,0.04
332127.0,4,0.04
245507.0,4,0.04
35260.0,4,0.04
239746.0,4,0.04
174830.0,4,0.04
170917.0,4,0.04
230073.0,4,0.04
263637.0,4,0.04
190848.0,4,0.04
171184.0,4,0.04
260764.0,4,0.04
231238.0,4,0.04
331209.0,4,0.04
35150.0,4,0.04
331276.0,4,0.04
260851.0,4,0.04
171329.0,4,0.04
263683.0,4,0.04
190050.0,4,0.04
331300.0,4,0.04
171286.0,4,0.04
249145.0,4,0.04
200389.0,4,0.04
257643.0,4,0.04
241950.0,4,0.04
245747.0,4,0.04
238881.0,4,0.04
245766.0,4,0.04
272088.0,4,0.04
263661.0,4,0.04
241511.0,4,0.04
298064.0,4,0.04
245939.0,4,0.04
263581.0,4,0.04
229861.0,4,0.04
256673.0,4,0.04
331267.0,4,0.04
189554.0,4,0.04
328271.0,4,0.04
171498.0,4,0.04
263651.0,4,0.04
35056.0,4,0.04
300056.0,4,0.04
257653.0,4,0.04
331274.0,4,0.04
170937.0,4,0.04
275878.0,4,0.04
307089.0,4,0.04
35270.0,4,0.04
265414.0,4,0.04
249030.0,4,0.04
4387.0,4,0.04
248850.0,4,0.04
316871.0,4,0.04
264573.0,4,0.04
171097.0,4,0.04
305714.0,4,0.04
263599.0,4,0.04
249690.0,4,0.04
189545.0,4,0.04
275879.0,4,0.04
323658.0,4,0.04
227605.0,4,0.04
331904.0,4,0.04
172115.0,4,0.04
260833.0,4,0.04
251696.0,4,0.04
228137.0,4,0.04
35236.0,4,0.04
331434.0,4,0.04
257644.0,4,0.04
250110.0,4,0.04
331295.0,4,0.04
120218.0,4,0.04
330904.0,4,0.04
189376.0,4,0.04
263755.0,4,0.04
331104.0,4,0.04
257301.0,4,0.04
227546.0,4,0.04
4120.0,4,0.04
275952.0,4,0.04
240319.0,4,0.04
311745.0,4,0.04
331223.0,4,0.04
35267.0,4,0.04
256565.0,4,0.04
189034.0,3,0.03
315299.0,3,0.03
190093.0,3,0.03
225878.0,3,0.03
251666.0,3,0.03
240762.0,3,0.03
256783.0,3,0.03
171499.0,3,0.03
331292.0,3,0.03
190274.0,3,0.03
189477.0,3,0.03
263512.0,3,0.03
35159.0,3,0.03
304825.0,3,0.03
174794.0,3,0.03
328525.0,3,0.03
250035.0,3,0.03
231174.0,3,0.03
332714.0,3,0.03
245308.0,3,0.03
207034.0,3,0.03
250371.0,3,0.03
256569.0,3,0.03
171399.0,3,0.03
328504.0,3,0.03
238699.0,3,0.03
331427.0,3,0.03
257651.0,3,0.03
257611.0,3,0.03
256484.0,3,0.03
237915.0,3,0.03
239730.0,3,0.03
311075.0,3,0.03
256599.0,3,0.03
327833.0,3,0.03
246125.0,3,0.03
311084.0,3,0.03
296227.0,3,0.03
313263.0,3,0.03
171190.0,3,0.03
275845.0,3,0.03
331462.0,3,0.03
171095.0,3,0.03
256724.0,3,0.03
263747.0,3,0.03
189337.0,3,0.03
241060.0,3,0.03
328065.0,3,0.03
250581.0,3,0.03
261938.0,3,0.03
331201.0,3,0.03
189433.0,3,0.03
245772.0,3,0.03
200426.0,3,0.03
34592.0,3,0.03
245751.0,3,0.03
257666.0,3,0.03
328009.0,3,0.03
250713.0,3,0.03
171312.0,3,0.03
190734.0,3,0.03
256701.0,3,0.03
311621.0,3,0.03
328489.0,3,0.03
253735.0,3,0.03
298079.0,3,0.03
203763.0,3,0.03
328269.0,3,0.03
172179.0,3,0.03
171287.0,3,0.03
331439.0,3,0.03
331068.0,3,0.03
171462.0,3,0.03
190084.0,3,0.03
311992.0,3,0.03
305636.0,3,0.03
253695.0,3,0.03
331290.0,3,0.03
35153.0,3,0.03
260820.0,3,0.03
244746.0,3,0.03
260810.0,3,0.03
256507.0,3,0.03
250469.0,3,0.03
313529.0,3,0.03
228125.0,3,0.03
318737.0,3,0.03
256592.0,3,0.03
234435.0,3,0.03
263753.0,3,0.03
171139.0,3,0.03
246144.0,3,0.03
246003.0,3,0.03
318738.0,3,0.03
317950.0,3,0.03
265411.0,3,0.03
223917.0,3,0.03
228121.0,3,0.03
331416.0,3,0.03
230813.0,3,0.03
260839.0,3,0.03
171328.0,3,0.03
189411.0,3,0.03
333188.0,3,0.03
239442.0,3,0.03
207401.0,3,0.03
263684.0,3,0.03
171124.0,3,0.03
331892.0,3,0.03
263604.0,3,0.03
240907.0,3,0.03
331206.0,3,0.03
34020.0,3,0.03
230112.0,3,0.03
189453.0,3,0.03
312082.0,3,0.03
188875.0,3,0.03
275344.0,3,0.03
275764.0,3,0.03
331268.0,3,0.03
256434.0,3,0.03
331240.0,3,0.03
252556.0,3,0.03
248420.0,3,0.03
170899.0,3,0.03
263727.0,3,0.03
331285.0,3,0.03
198060.0,3,0.03
159993.0,3,0.03
131628.0,3,0.03
202592.0,3,0.03
331315.0,3,0.03
256101.0,3,0.03
312053.0,3,0.03
189159.0,3,0.03
300513.0,3,0.03
200376.0,3,0.03
273318.0,3,0.03
238738.0,3,0.03
257632.0,3,0.03
189348.0,3,0.03
331221.0,3,0.03
276800.0,3,0.03
171208.0,3,0.03
256491.0,3,0.03
328312.0,3,0.03
263534.0,3,0.03
331930.0,3,0.03
170747.0,3,0.03
257665.0,3,0.03
120217.0,3,0.03
249159.0,3,0.03
331072.0,3,0.03
225877.0,3,0.03
171308.0,3,0.03
331929.0,3,0.03
248445.0,3,0.03
145779.0,3,0.03
256702.0,3,0.03
276764.0,3,0.03
274933.0,3,0.03
256430.0,3,0.03
189921.0,3,0.03
332843.0,3,0.03
275847.0,3,0.03
191687.0,3,0.03
263707.0,3,0.03
189006.0,3,0.03
275359.0,3,0.03
331208.0,3,0.03
172144.0,3,0.03
260819.0,3,0.03
263566.0,3,0.03
171189.0,3,0.03
190737.0,3,0.03
256735.0,3,0.03
238874.0,3,0.03
256636.0,3,0.03
260857.0,3,0.03
260822.0,3,0.03
256628.0,3,0.03
35074.0,3,0.03
294532.0,3,0.03
313565.0,3,0.03
35272.0,3,0.03
230960.0,3,0.03
293469.0,3,0.03
261109.0,3,0.03
35245.0,3,0.03
225831.0,3,0.03
224732.0,3,0.03
189354.0,3,0.03
171472.0,3,0.03
207431.0,3,0.03
296225.0,3,0.03
314811.0,3,0.03
331302.0,3,0.03
189312.0,3,0.03
231639.0,3,0.03
260834.0,3,0.03
263680.0,3,0.03
234493.0,3,0.03
189801.0,3,0.03
251924.0,3,0.03
35190.0,3,0.03
189047.0,3,0.03
235338.0,3,0.03
276779.0,3,0.03
246528.0,3,0.03
328474.0,3,0.03
190000.0,3,0.03
261070.0,3,0.03
311041.0,3,0.03
231157.0,3,0.03
263605.0,3,0.03
29942.0,3,0.03
331213.0,3,0.03
225823.0,3,0.03
331025.0,3,0.03
316541.0,3,0.03
331101.0,3,0.03
328464.0,3,0.03
223928.0,3,0.03
274981.0,3,0.03
207391.0,3,0.03
35279.0,3,0.03
263638.0,3,0.03
257594.0,3,0.03
265019.0,3,0.03
170919.0,3,0.03
253658.0,3,0.03
202925.0,3,0.03
207042.0,3,0.03
117515.0,3,0.03
251931.0,3,0.03
340347.0,3,0.03
206907.0,3,0.03
257587.0,3,0.03
231666.0,3,0.03
245966.0,3,0.03
227551.0,3,0.03
331296.0,3,0.03
311954.0,3,0.03
193928.0,3,0.03
240761.0,3,0.03
331162.0,3,0.03
293293.0,3,0.03
238912.0,2,0.02
314662.0,2,0.02
184647.0,2,0.02
17814.0,2,0.02
331289.0,2,0.02
183718.0,2,0.02
199987.0,2,0.02
188775.0,2,0.02
222987.0,2,0.02
234509.0,2,0.02
206350.0,2,0.02
328509.0,2,0.02
298068.0,2,0.02
331218.0,2,0.02
241621.0,2,0.02
237914.0,2,0.02
172099.0,2,0.02
240919.0,2,0.02
34015.0,2,0.02
172123.0,2,0.02
293209.0,2,0.02
189751.0,2,0.02
199882.0,2,0.02
331294.0,2,0.02
313216.0,2,0.02
313535.0,2,0.02
256505.0,2,0.02
256610.0,2,0.02
171403.0,2,0.02
263404.0,2,0.02
4404.0,2,0.02
189542.0,2,0.02
188312.0,2,0.02
263739.0,2,0.02
261053.0,2,0.02
227195.0,2,0.02
190089.0,2,0.02
228086.0,2,0.02
310802.0,2,0.02
171112.0,2,0.02
229967.0,2,0.02
224649.0,2,0.02
246508.0,2,0.02
208504.0,2,0.02
260850.0,2,0.02
328460.0,2,0.02
190055.0,2,0.02
35214.0,2,0.02
198328.0,2,0.02
313372.0,2,0.02
190016.0,2,0.02
276787.0,2,0.02
318765.0,2,0.02
206079.0,2,0.02
200995.0,2,0.02
171162.0,2,0.02
171366.0,2,0.02
234388.0,2,0.02
257701.0,2,0.02
189960.0,2,0.02
227911.0,2,0.02
331127.0,2,0.02
260741.0,2,0.02
256449.0,2,0.02
331093.0,2,0.02
331184.0,2,0.02
261013.0,2,0.02
224645.0,2,0.02
275867.0,2,0.02
274982.0,2,0.02
204929.0,2,0.02
326937.0,2,0.02
324574.0,2,0.02
189700.0,2,0.02
328930.0,2,0.02
331056.0,2,0.02
328451.0,2,0.02
300918.0,2,0.02
265340.0,2,0.02
208232.0,2,0.02
239349.0,2,0.02
256713.0,2,0.02
189651.0,2,0.02
206187.0,2,0.02
263706.0,2,0.02
256641.0,2,0.02
248881.0,2,0.02
315137.0,2,0.02
171368.0,2,0.02
35161.0,2,0.02
227843.0,2,0.02
293493.0,2,0.02
257721.0,2,0.02
245764.0,2,0.02
131400.0,2,0.02
234826.0,2,0.02
312783.0,2,0.02
275006.0,2,0.02
235150.0,2,0.02
248193.0,2,0.02
172141.0,2,0.02
225853.0,2,0.02
249135.0,2,0.02
181026.0,2,0.02
226151.0,2,0.02
318014.0,2,0.02
264557.0,2,0.02
276411.0,2,0.02
312731.0,2,0.02
189234.0,2,0.02
297018.0,2,0.02
189373.0,2,0.02
305696.0,2,0.02
4452.0,2,0.02
221032.0,2,0.02
293131.0,2,0.02
256519.0,2,0.02
226170.0,2,0.02
193123.0,2,0.02
331229.0,2,0.02
189421.0,2,0.02
171138.0,2,0.02
191707.0,2,0.02
230982.0,2,0.02
100342.0,2,0.02
234916.0,2,0.02
230086.0,2,0.02
333854.0,2,0.02
260814.0,2,0.02
331094.0,2,0.02
256556.0,2,0.02
199785.0,2,0.02
315302.0,2,0.02
171397.0,2,0.02
318030.0,2,0.02
245480.0,2,0.02
330322.0,2,0.02
256781.0,2,0.02
35065.0,2,0.02
189445.0,2,0.02
189070.0,2,0.02
202386.0,2,0.02
239501.0,2,0.02
171483.0,2,0.02
190054.0,2,0.02
325436.0,2,0.02
35179.0,2,0.02
331263.0,2,0.02
261603.0,2,0.02
256741.0,2,0.02
325556.0,2,0.02
34120.0,2,0.02
193500.0,2,0.02
256674.0,2,0.02
171370.0,2,0.02
251326.0,2,0.02
325172.0,2,0.02
224651.0,2,0.02
224726.0,2,0.02
35130.0,2,0.02
256654.0,2,0.02
318741.0,2,0.02
245744.0,2,0.02
171089.0,2,0.02
331424.0,2,0.02
231615.0,2,0.02
242085.0,2,0.02
224641.0,2,0.02
256447.0,2,0.02
202910.0,2,0.02
240936.0,2,0.02
331895.0,2,0.02
171297.0,2,0.02
299368.0,2,0.02
35285.0,2,0.02
225844.0,2,0.02
328479.0,2,0.02
263515.0,2,0.02
60738.0,2,0.02
225879.0,2,0.02
171066.0,2,0.02
189210.0,2,0.02
16510.0,2,0.02
256604.0,2,0.02
28072.0,2,0.02
252579.0,2,0.02
244527.0,2,0.02
35216.0,2,0.02
171305.0,2,0.02
189513.0,2,0.02
261623.0,2,0.02
293291.0,2,0.02
310814.0,2,0.02
230219.0,2,0.02
172097.0,2,0.02
189824.0,2,0.02
300176.0,2,0.02
191685.0,2,0.02
256470.0,2,0.02
316500.0,2,0.02
263672.0,2,0.02
189850.0,2,0.02
34482.0,2,0.02
263738.0,2,0.02
294490.0,2,0.02
298078.0,2,0.02
188871.0,2,0.02
189482.0,2,0.02
312574.0,2,0.02
290641.0,2,0.02
302759.0,2,0.02
120215.0,2,0.02
35250.0,2,0.02
275084.0,2,0.02
250438.0,2,0.02
225815.0,2,0.02
331309.0,2,0.02
260898.0,2,0.02
186098.0,2,0.02
189461.0,2,0.02
275848.0,2,0.02
207067.0,2,0.02
238953.0,2,0.02
171108.0,2,0.02
200286.0,2,0.02
260068.0,2,0.02
223929.0,2,0.02
227900.0,2,0.02
248809.0,2,0.02
189286.0,2,0.02
331084.0,2,0.02
331199.0,2,0.02
256431.0,2,0.02
34470.0,2,0.02
310992.0,2,0.02
331457.0,2,0.02
227758.0,2,0.02
227607.0,2,0.02
263710.0,2,0.02
328540.0,2,0.02
188764.0,2,0.02
318017.0,2,0.02
206912.0,2,0.02
251474.0,2,0.02
190741.0,2,0.02
186069.0,2,0.02
333852.0,2,0.02
181645.0,2,0.02
234814.0,2,0.02
260737.0,2,0.02
264797.0,2,0.02
190276.0,2,0.02
190167.0,2,0.02
328438.0,2,0.02
238861.0,2,0.02
35110.0,2,0.02
188855.0,2,0.02
171332.0,2,0.02
317875.0,2,0.02
190045.0,2,0.02
272175.0,2,0.02
294267.0,2,0.02
318871.0,2,0.02
170943.0,2,0.02
261941.0,2,0.02
328440.0,2,0.02
30597.0,2,0.02
293181.0,2,0.02
307750.0,2,0.02
190173.0,2,0.02
247458.0,2,0.02
190166.0,2,0.02
332933.0,2,0.02
261831.0,2,0.02
256560.0,2,0.02
228173.0,2,0.02
229816.0,2,0.02
159995.0,2,0.02
227190.0,2,0.02
260744.0,2,0.02
311918.0,2,0.02
254430.0,2,0.02
230213.0,2,0.02
189999.0,2,0.02
226171.0,2,0.02
261018.0,2,0.02
331158.0,2,0.02
189419.0,2,0.02
35181.0,2,0.02
331241.0,2,0.02
256632.0,2,0.02
190273.0,2,0.02
35204.0,2,0.02
318739.0,2,0.02
189441.0,2,0.02
263650.0,2,0.02
240508.0,2,0.02
225836.0,2,0.02
207035.0,2,0.02
260072.0,2,0.02
328541.0,2,0.02
311820.0,2,0.02
189564.0,2,0.02
317994.0,2,0.02
312633.0,2,0.02
171348.0,2,0.02
185066.0,2,0.02
190139.0,2,0.02
189293.0,2,0.02
256680.0,2,0.02
190163.0,2,0.02
202929.0,2,0.02
248414.0,2,0.02
263551.0,2,0.02
331270.0,2,0.02
170858.0,2,0.02
332128.0,2,0.02
256566.0,2,0.02
311086.0,2,0.02
171351.0,2,0.02
331308.0,2,0.02
171404.0,2,0.02
202897.0,2,0.02
316503.0,2,0.02
274510.0,2,0.02
260164.0,2,0.02
331265.0,2,0.02
293116.0,2,0.02
263628.0,2,0.02
207402.0,2,0.02
256736.0,2,0.02
239729.0,2,0.02
307656.0,2,0.02
170837.0,2,0.02
253330.0,2,0.02
188318.0,2,0.02
260067.0,2,0.02
171413.0,2,0.02
171081.0,2,0.02
334087.0,2,0.02
314089.0,2,0.02
189325.0,2,0.02
256750.0,2,0.02
256549.0,2,0.02
260057.0,2,0.02
260852.0,2,0.02
35115.0,2,0.02
274984.0,2,0.02
331896.0,2,0.02
150215.0,2,0.02
190160.0,2,0.02
293113.0,2,0.02
249677.0,2,0.02
331220.0,2,0.02
235364.0,2,0.02
35290.0,2,0.02
188259.0,2,0.02
198272.0,2,0.02
311948.0,2,0.02
249033.0,2,0.02
247485.0,2,0.02
227847.0,2,0.02
311197.0,2,0.02
202394.0,2,0.02
60595.0,2,0.02
261607.0,2,0.02
263752.0,2,0.02
94447.0,2,0.02
171188.0,2,0.02
257612.0,2,0.02
302582.0,2,0.02
290663.0,2,0.02
240603.0,2,0.02
184971.0,2,0.02
193925.0,2,0.02
35088.0,2,0.02
316496.0,2,0.02
251949.0,2,0.02
256722.0,2,0.02
223836.0,2,0.02
235466.0,2,0.02
311973.0,2,0.02
315307.0,2,0.02
331307.0,2,0.02
328252.0,2,0.02
229625.0,2,0.02
97906.0,2,0.02
238542.0,2,0.02
245707.0,2,0.02
257635.0,2,0.02
129104.0,2,0.02
260715.0,2,0.02
274444.0,2,0.02
313543.0,2,0.02
245762.0,2,0.02
312273.0,2,0.02
250615.0,2,0.02
35284.0,2,0.02
260720.0,2,0.02
263325.0,2,0.02
227969.0,2,0.02
188322.0,2,0.02
189980.0,2,0.02
189424.0,2,0.02
171310.0,2,0.02
186105.0,2,0.02
171316.0,2,0.02
189349.0,2,0.02
330901.0,2,0.02
250503.0,2,0.02
159983.0,2,0.02
170976.0,2,0.02
245912.0,2,0.02
224650.0,2,0.02
171505.0,2,0.02
263657.0,2,0.02
190137.0,2,0.02
234920.0,2,0.02
171209.0,2,0.02
171277.0,2,0.02
190042.0,2,0.02
256247.0,2,0.02
249941.0,2,0.02
304484.0,2,0.02
254433.0,2,0.02
204846.0,2,0.02
231200.0,2,0.02
327855.0,2,0.02
256568.0,2,0.02
333091.0,2,0.02
256775.0,2,0.02
34867.0,2,0.02
325404.0,2,0.02
328542.0,2,0.02
315308.0,2,0.02
251387.0,2,0.02
232203.0,2,0.02
332388.0,2,0.02
331237.0,2,0.02
190852.0,2,0.02
170898.0,2,0.02
189151.0,2,0.02
324863.0,2,0.02
189490.0,2,0.02
308550.0,2,0.02
328534.0,2,0.02
189965.0,2,0.02
171392.0,2,0.02
188861.0,2,0.02
256642.0,2,0.02
293292.0,2,0.02
35122.0,2,0.02
256697.0,2,0.02
266106.0,2,0.02
172126.0,2,0.02
290741.0,2,0.02
199886.0,2,0.02
251994.0,2,0.02
293478.0,2,0.02
190158.0,2,0.02
263762.0,2,0.02
223800.0,2,0.02
312054.0,2,0.02
210506.0,2,0.02
331194.0,2,0.02
172077.0,2,0.02
223831.0,2,0.02
257571.0,2,0.02
230357.0,2,0.02
186058.0,2,0.02
189846.0,2,0.02
331297.0,2,0.02
276933.0,2,0.02
265181.0,2,0.02
265322.0,2,0.02
312451.0,2,0.02
249271.0,2,0.02
252561.0,2,0.02
256525.0,2,0.02
238620.0,2,0.02
326967.0,2,0.02
313526.0,2,0.02
331092.0,2,0.02
264569.0,2,0.02
257714.0,2,0.02
188888.0,2,0.02
265310.0,2,0.02
28904.0,2,0.02
311605.0,2,0.02
189332.0,2,0.02
238746.0,2,0.02
256778.0,2,0.02
311817.0,2,0.02
331921.0,2,0.02
207104.0,2,0.02
311047.0,2,0.02
189443.0,2,0.02
186059.0,2,0.02
171340.0,2,0.02
189819.0,2,0.02
318744.0,2,0.02
227564.0,2,0.02
174811.0,2,0.02
331248.0,2,0.02
240688.0,2,0.02
228140.0,2,0.02
245767.0,2,0.02
225814.0,2,0.02
331287.0,2,0.02
333450.0,2,0.02
271841.0,2,0.02
189239.0,2,0.02
264571.0,2,0.02
274362.0,2,0.02
249943.0,2,0.02
331062.0,2,0.02
331103.0,2,0.02
116320.0,2,0.02
227934.0,2,0.02
330908.0,2,0.02
328697.0,2,0.02
223944.0,2,0.02
293157.0,2,0.02
275364.0,2,0.02
206953.0,2,0.02
300860.0,2,0.02
225824.0,2,0.02
34000.0,2,0.02
313259.0,2,0.02
260899.0,2,0.02
235359.0,2,0.02
241818.0,2,0.02
331180.0,2,0.02
331166.0,2,0.02
226477.0,2,0.02
227187.0,2,0.02
190059.0,2,0.02
298076.0,2,0.02
260791.0,2,0.02
298069.0,2,0.02
189558.0,2,0.02
188803.0,2,0.02
248739.0,2,0.02
227519.0,2,0.02
207053.0,2,0.02
189550.0,2,0.02
189049.0,2,0.02
265473.0,2,0.02
171326.0,2,0.02
264562.0,2,0.02
331251.0,2,0.02
224598.0,2,0.02
189987.0,2,0.02
331083.0,2,0.02
256695.0,2,0.02
224782.0,2,0.02
260871.0,2,0.02
256538.0,2,0.02
275951.0,2,0.02
185730.0,2,0.02
263745.0,2,0.02
292766.0,2,0.02
318793.0,1,0.01
256740.0,1,0.01
184685.0,1,0.01
103608.0,1,0.01
227558.0,1,0.01
181474.0,1,0.01
253174.0,1,0.01
312899.0,1,0.01
189499.0,1,0.01
171317.0,1,0.01
263737.0,1,0.01
265535.0,1,0.01
67976.0,1,0.01
24111.0,1,0.01
869.0,1,0.01
312571.0,1,0.01
299654.0,1,0.01
300027.0,1,0.01
313486.0,1,0.01
319425.0,1,0.01
238867.0,1,0.01
261729.0,1,0.01
206324.0,1,0.01
208244.0,1,0.01
65494.0,1,0.01
260071.0,1,0.01
188907.0,1,0.01
4068.0,1,0.01
238308.0,1,0.01
251993.0,1,0.01
294530.0,1,0.01
152593.0,1,0.01
190596.0,1,0.01
224788.0,1,0.01
309883.0,1,0.01
311725.0,1,0.01
189882.0,1,0.01
256714.0,1,0.01
206116.0,1,0.01
24008.0,1,0.01
164570.0,1,0.01
184802.0,1,0.01
305264.0,1,0.01
263447.0,1,0.01
31798.0,1,0.01
245506.0,1,0.01
312329.0,1,0.01
286889.0,1,0.01
189123.0,1,0.01
299233.0,1,0.01
265381.0,1,0.01
171321.0,1,0.01
161428.0,1,0.01
35225.0,1,0.01
339449.0,1,0.01
241287.0,1,0.01
225395.0,1,0.01
226180.0,1,0.01
189578.0,1,0.01
299938.0,1,0.01
188338.0,1,0.01
69673.0,1,0.01
35197.0,1,0.01
263593.0,1,0.01
261724.0,1,0.01
190080.0,1,0.01
257719.0,1,0.01
190227.0,1,0.01
308178.0,1,0.01
234427.0,1,0.01
314812.0,1,0.01
215817.0,1,0.01
30871.0,1,0.01
229616.0,1,0.01
241189.0,1,0.01
190857.0,1,0.01
288808.0,1,0.01
311185.0,1,0.01
50924.0,1,0.01
205300.0,1,0.01
255535.0,1,0.01
311080.0,1,0.01
159546.0,1,0.01
190222.0,1,0.01
261098.0,1,0.01
248946.0,1,0.01
277315.0,1,0.01
328516.0,1,0.01
6402.0,1,0.01
336526.0,1,0.01
298071.0,1,0.01
187978.0,1,0.01
249689.0,1,0.01
272177.0,1,0.01
321454.0,1,0.01
227751.0,1,0.01
190025.0,1,0.01
279375.0,1,0.01
290392.0,1,0.01
228244.0,1,0.01
263535.0,1,0.01
232593.0,1,0.01
190836.0,1,0.01
75675.0,1,0.01
331183.0,1,0.01
251325.0,1,0.01
118247.0,1,0.01
224481.0,1,0.01
318777.0,1,0.01
135349.0,1,0.01
325347.0,1,0.01
76574.0,1,0.01
132153.0,1,0.01
260790.0,1,0.01
226781.0,1,0.01
317957.0,1,0.01
264427.0,1,0.01
98190.0,1,0.01
190866.0,1,0.01
172127.0,1,0.01
341031.0,1,0.01
294236.0,1,0.01
66128.0,1,0.01
300487.0,1,0.01
317143.0,1,0.01
232731.0,1,0.01
325950.0,1,0.01
340266.0,1,0.01
333845.0,1,0.01
330288.0,1,0.01
260693.0,1,0.01
228253.0,1,0.01
100148.0,1,0.01
261048.0,1,0.01
293226.0,1,0.01
144954.0,1,0.01
82532.0,1,0.01
312991.0,1,0.01
60011.0,1,0.01
120171.0,1,0.01
228305.0,1,0.01
209011.0,1,0.01
35053.0,1,0.01
326944.0,1,0.01
189014.0,1,0.01
257654.0,1,0.01
87207.0,1,0.01
99048.0,1,0.01
303948.0,1,0.01
225173.0,1,0.01
209338.0,1,0.01
312131.0,1,0.01
258973.0,1,0.01
193494.0,1,0.01
190023.0,1,0.01
100817.0,1,0.01
241162.0,1,0.01
262731.0,1,0.01
296753.0,1,0.01
313564.0,1,0.01
228372.0,1,0.01
187516.0,1,0.01
310841.0,1,0.01
100428.0,1,0.01
307266.0,1,0.01
317030.0,1,0.01
227583.0,1,0.01
318317.0,1,0.01
150209.0,1,0.01
299376.0,1,0.01
312675.0,1,0.01
231588.0,1,0.01
227451.0,1,0.01
303728.0,1,0.01
336964.0,1,0.01
214430.0,1,0.01
222801.0,1,0.01
24048.0,1,0.01
238712.0,1,0.01
312785.0,1,0.01
334468.0,1,0.01
333209.0,1,0.01
172111.0,1,0.01
4100.0,1,0.01
227846.0,1,0.01
317669.0,1,0.01
188819.0,1,0.01
235379.0,1,0.01
226479.0,1,0.01
256155.0,1,0.01
171296.0,1,0.01
256748.0,1,0.01
198187.0,1,0.01
260920.0,1,0.01
261010.0,1,0.01
258619.0,1,0.01
199568.0,1,0.01
189923.0,1,0.01
313544.0,1,0.01
171452.0,1,0.01
77110.0,1,0.01
215720.0,1,0.01
276165.0,1,0.01
309787.0,1,0.01
204053.0,1,0.01
190209.0,1,0.01
307193.0,1,0.01
328016.0,1,0.01
324218.0,1,0.01
329250.0,1,0.01
185724.0,1,0.01
294015.0,1,0.01
302663.0,1,0.01
260272.0,1,0.01
302796.0,1,0.01
241031.0,1,0.01
298373.0,1,0.01
189317.0,1,0.01
331503.0,1,0.01
150188.0,1,0.01
290020.0,1,0.01
77964.0,1,0.01
340786.0,1,0.01
225435.0,1,0.01
274697.0,1,0.01
187366.0,1,0.01
4438.0,1,0.01
256752.0,1,0.01
223682.0,1,0.01
225381.0,1,0.01
304861.0,1,0.01
190263.0,1,0.01
127333.0,1,0.01
184780.0,1,0.01
206972.0,1,0.01
265436.0,1,0.01
314054.0,1,0.01
328013.0,1,0.01
48043.0,1,0.01
189672.0,1,0.01
276593.0,1,0.01
158164.0,1,0.01
27022.0,1,0.01
34119.0,1,0.01
326052.0,1,0.01
331920.0,1,0.01
249019.0,1,0.01
225334.0,1,0.01
228167.0,1,0.01
243856.0,1,0.01
312674.0,1,0.01
171387.0,1,0.01
4437.0,1,0.01
226149.0,1,0.01
331303.0,1,0.01
304418.0,1,0.01
276408.0,1,0.01
140527.0,1,0.01
296216.0,1,0.01
306274.0,1,0.01
187814.0,1,0.01
302956.0,1,0.01
79858.0,1,0.01
241639.0,1,0.01
316511.0,1,0.01
74359.0,1,0.01
293105.0,1,0.01
301520.0,1,0.01
29344.0,1,0.01
263652.0,1,0.01
331200.0,1,0.01
60919.0,1,0.01
238946.0,1,0.01
292868.0,1,0.01
230258.0,1,0.01
206198.0,1,0.01
226954.0,1,0.01
263542.0,1,0.01
19718.0,1,0.01
185010.0,1,0.01
227609.0,1,0.01
260848.0,1,0.01
312811.0,1,0.01
316491.0,1,0.01
19087.0,1,0.01
328521.0,1,0.01
111303.0,1,0.01
330936.0,1,0.01
256813.0,1,0.01
200221.0,1,0.01
100264.0,1,0.01
211013.0,1,0.01
260887.0,1,0.01
305351.0,1,0.01
224644.0,1,0.01
257658.0,1,0.01
189394.0,1,0.01
188833.0,1,0.01
197950.0,1,0.01
311335.0,1,0.01
186096.0,1,0.01
171336.0,1,0.01
171500.0,1,0.01
255481.0,1,0.01
34503.0,1,0.01
4123.0,1,0.01
13357.0,1,0.01
190260.0,1,0.01
330303.0,1,0.01
225854.0,1,0.01
318749.0,1,0.01
199864.0,1,0.01
207061.0,1,0.01
250396.0,1,0.01
190181.0,1,0.01
206072.0,1,0.01
296220.0,1,0.01
261847.0,1,0.01
276839.0,1,0.01
69963.0,1,0.01
314993.0,1,0.01
35078.0,1,0.01
312134.0,1,0.01
144133.0,1,0.01
241820.0,1,0.01
15702.0,1,0.01
171314.0,1,0.01
226602.0,1,0.01
211257.0,1,0.01
188247.0,1,0.01
298961.0,1,0.01
80891.0,1,0.01
326258.0,1,0.01
187821.0,1,0.01
33980.0,1,0.01
272063.0,1,0.01
35213.0,1,0.01
153337.0,1,0.01
260089.0,1,0.01
230040.0,1,0.01
330319.0,1,0.01
35289.0,1,0.01
175844.0,1,0.01
34118.0,1,0.01
203767.0,1,0.01
249242.0,1,0.01
263023.0,1,0.01
331293.0,1,0.01
254438.0,1,0.01
327877.0,1,0.01
246067.0,1,0.01
331216.0,1,0.01
263526.0,1,0.01
252559.0,1,0.01
318040.0,1,0.01
20033.0,1,0.01
207400.0,1,0.01
308104.0,1,0.01
46507.0,1,0.01
299367.0,1,0.01
248687.0,1,0.01
300713.0,1,0.01
265342.0,1,0.01
229796.0,1,0.01
223681.0,1,0.01
33859.0,1,0.01
27918.0,1,0.01
45256.0,1,0.01
131629.0,1,0.01
303732.0,1,0.01
265231.0,1,0.01
275614.0,1,0.01
309909.0,1,0.01
307120.0,1,0.01
62690.0,1,0.01
334076.0,1,0.01
256885.0,1,0.01
26059.0,1,0.01
331320.0,1,0.01
299900.0,1,0.01
185379.0,1,0.01
190179.0,1,0.01
312781.0,1,0.01
331060.0,1,0.01
318015.0,1,0.01
190083.0,1,0.01
200058.0,1,0.01
106529.0,1,0.01
171486.0,1,0.01
311758.0,1,0.01
226458.0,1,0.01
255446.0,1,0.01
312797.0,1,0.01
331931.0,1,0.01
98446.0,1,0.01
98586.0,1,0.01
171309.0,1,0.01
328097.0,1,0.01
290018.0,1,0.01
302460.0,1,0.01
328535.0,1,0.01
172156.0,1,0.01
87810.0,1,0.01
234894.0,1,0.01
105715.0,1,0.01
249684.0,1,0.01
173258.0,1,0.01
190027.0,1,0.01
110331.0,1,0.01
327898.0,1,0.01
110115.0,1,0.01
200981.0,1,0.01
308308.0,1,0.01
274907.0,1,0.01
229789.0,1,0.01
250511.0,1,0.01
216096.0,1,0.01
334003.0,1,0.01
263735.0,1,0.01
198745.0,1,0.01
273402.0,1,0.01
256584.0,1,0.01
38231.0,1,0.01
200979.0,1,0.01
84055.0,1,0.01
13841.0,1,0.01
23355.0,1,0.01
256260.0,1,0.01
176695.0,1,0.01
183695.0,1,0.01
239534.0,1,0.01
305632.0,1,0.01
198255.0,1,0.01
275836.0,1,0.01
324829.0,1,0.01
171371.0,1,0.01
316527.0,1,0.01
258562.0,1,0.01
201529.0,1,0.01
172089.0,1,0.01
308534.0,1,0.01
316519.0,1,0.01
162323.0,1,0.01
225837.0,1,0.01
57364.0,1,0.01
73403.0,1,0.01
293186.0,1,0.01
263715.0,1,0.01
178270.0,1,0.01
317873.0,1,0.01
340726.0,1,0.01
30711.0,1,0.01
235356.0,1,0.01
100800.0,1,0.01
301373.0,1,0.01
328508.0,1,0.01
185606.0,1,0.01
310874.0,1,0.01
331030.0,1,0.01
263040.0,1,0.01
170939.0,1,0.01
300030.0,1,0.01
316492.0,1,0.01
227580.0,1,0.01
309279.0,1,0.01
227668.0,1,0.01
224771.0,1,0.01
327978.0,1,0.01
250423.0,1,0.01
264043.0,1,0.01
325150.0,1,0.01
189495.0,1,0.01
189774.0,1,0.01
274526.0,1,0.01
84591.0,1,0.01
256552.0,1,0.01
327157.0,1,0.01
100309.0,1,0.01
321846.0,1,0.01
201161.0,1,0.01
257619.0,1,0.01
325492.0,1,0.01
303793.0,1,0.01
239715.0,1,0.01
35625.0,1,0.01
328900.0,1,0.01
310905.0,1,0.01
242574.0,1,0.01
227964.0,1,0.01
333178.0,1,0.01
190593.0,1,0.01
306297.0,1,0.01
89336.0,1,0.01
187295.0,1,0.01
144470.0,1,0.01
206251.0,1,0.01
314079.0,1,0.01
76967.0,1,0.01
328558.0,1,0.01
298326.0,1,0.01
316488.0,1,0.01
331591.0,1,0.01
27917.0,1,0.01
277024.0,1,0.01
175814.0,1,0.01
325135.0,1,0.01
210276.0,1,0.01
318785.0,1,0.01
276189.0,1,0.01
190178.0,1,0.01
35228.0,1,0.01
33787.0,1,0.01
262881.0,1,0.01
308125.0,1,0.01
260724.0,1,0.01
260110.0,1,0.01
325933.0,1,0.01
7105.0,1,0.01
251602.0,1,0.01
190732.0,1,0.01
227548.0,1,0.01
217116.0,1,0.01
240671.0,1,0.01
99023.0,1,0.01
223649.0,1,0.01
310282.0,1,0.01
331384.0,1,0.01
318016.0,1,0.01
154358.0,1,0.01
148708.0,1,0.01
142586.0,1,0.01
227923.0,1,0.01
340315.0,1,0.01
312793.0,1,0.01
261903.0,1,0.01
241476.0,1,0.01
331116.0,1,0.01
225818.0,1,0.01
171302.0,1,0.01
106840.0,1,0.01
184296.0,1,0.01
124308.0,1,0.01
46252.0,1,0.01
30499.0,1,0.01
127577.0,1,0.01
250244.0,1,0.01
202136.0,1,0.01
238234.0,1,0.01
210438.0,1,0.01
245778.0,1,0.01
78320.0,1,0.01
189326.0,1,0.01
239088.0,1,0.01
4418.0,1,0.01
313501.0,1,0.01
202229.0,1,0.01
192593.0,1,0.01
27904.0,1,0.01
199692.0,1,0.01
328307.0,1,0.01
334382.0,1,0.01
30681.0,1,0.01
189514.0,1,0.01
40581.0,1,0.01
331247.0,1,0.01
276591.0,1,0.01
147559.0,1,0.01
257543.0,1,0.01
98338.0,1,0.01
313153.0,1,0.01
189799.0,1,0.01
184973.0,1,0.01
314144.0,1,0.01
299292.0,1,0.01
264687.0,1,0.01
312322.0,1,0.01
328696.0,1,0.01
188961.0,1,0.01
329045.0,1,0.01
306081.0,1,0.01
273374.0,1,0.01
249050.0,1,0.01
4396.0,1,0.01
108596.0,1,0.01
303680.0,1,0.01
306601.0,1,0.01
304666.0,1,0.01
189992.0,1,0.01
282244.0,1,0.01
228088.0,1,0.01
234550.0,1,0.01
264547.0,1,0.01
171347.0,1,0.01
198441.0,1,0.01
319534.0,1,0.01
262741.0,1,0.01
189710.0,1,0.01
308064.0,1,0.01
120355.0,1,0.01
230283.0,1,0.01
277259.0,1,0.01
203242.0,1,0.01
155480.0,1,0.01
227631.0,1,0.01
304532.0,1,0.01
300492.0,1,0.01
324324.0,1,0.01
4433.0,1,0.01
13930.0,1,0.01
189489.0,1,0.01
120461.0,1,0.01
256643.0,1,0.01
265336.0,1,0.01
27915.0,1,0.01
175452.0,1,0.01
184923.0,1,0.01
49008.0,1,0.01
20680.0,1,0.01
206205.0,1,0.01
289586.0,1,0.01
171198.0,1,0.01
153173.0,1,0.01
241704.0,1,0.01
318292.0,1,0.01
30426.0,1,0.01
308377.0,1,0.01
292180.0,1,0.01
326494.0,1,0.01
321345.0,1,0.01
312677.0,1,0.01
227526.0,1,0.01
315283.0,1,0.01
197196.0,1,0.01
2033.0,1,0.01
333759.0,1,0.01
225855.0,1,0.01
227549.0,1,0.01
223757.0,1,0.01
189400.0,1,0.01
265150.0,1,0.01
326581.0,1,0.01
276278.0,1,0.01
331076.0,1,0.01
80490.0,1,0.01
306665.0,1,0.01
276388.0,1,0.01
84576.0,1,0.01
226156.0,1,0.01
190122.0,1,0.01
305831.0,1,0.01
333074.0,1,0.01
98307.0,1,0.01
305349.0,1,0.01
328434.0,1,0.01
214273.0,1,0.01
310284.0,1,0.01
16739.0,1,0.01
300060.0,1,0.01
60432.0,1,0.01
340362.0,1,0.01
181382.0,1,0.01
326615.0,1,0.01
189341.0,1,0.01
224631.0,1,0.01
224633.0,1,0.01
313412.0,1,0.01
149544.0,1,0.01
35280.0,1,0.01
207396.0,1,0.01
4412.0,1,0.01
276288.0,1,0.01
188313.0,1,0.01
307885.0,1,0.01
225850.0,1,0.01
211056.0,1,0.01
227830.0,1,0.01
316623.0,1,0.01
224899.0,1,0.01
207770.0,1,0.01
199426.0,1,0.01
305710.0,1,0.01
333835.0,1,0.01
341662.0,1,0.01
190211.0,1,0.01
298062.0,1,0.01
45899.0,1,0.01
190134.0,1,0.01
312726.0,1,0.01
76510.0,1,0.01
260905.0,1,0.01
303825.0,1,0.01
234008.0,1,0.01
259286.0,1,0.01
300740.0,1,0.01
240256.0,1,0.01
4420.0,1,0.01
306299.0,1,0.01
224884.0,1,0.01
100793.0,1,0.01
193019.0,1,0.01
190182.0,1,0.01
256153.0,1,0.01
265178.0,1,0.01
35186.0,1,0.01
174808.0,1,0.01
334099.0,1,0.01
171076.0,1,0.01
228355.0,1,0.01
4108.0,1,0.01
206053.0,1,0.01
223903.0,1,0.01
257698.0,1,0.01
183869.0,1,0.01
226956.0,1,0.01
85453.0,1,0.01
265383.0,1,0.01
182098.0,1,0.01
318768.0,1,0.01
18957.0,1,0.01
331161.0,1,0.01
153239.0,1,0.01
45148.0,1,0.01
238802.0,1,0.01
171365.0,1,0.01
275829.0,1,0.01
254879.0,1,0.01
248745.0,1,0.01
265483.0,1,0.01
320682.0,1,0.01
33932.0,1,0.01
184771.0,1,0.01
249673.0,1,0.01
324207.0,1,0.01
147925.0,1,0.01
275078.0,1,0.01
324920.0,1,0.01
263756.0,1,0.01
296999.0,1,0.01
188996.0,1,0.01
293058.0,1,0.01
265520.0,1,0.01
191722.0,1,0.01
260869.0,1,0.01
257686.0,1,0.01
331259.0,1,0.01
176947.0,1,0.01
293139.0,1,0.01
109559.0,1,0.01
181013.0,1,0.01
307826.0,1,0.01
240942.0,1,0.01
206914.0,1,0.01
329018.0,1,0.01
314875.0,1,0.01
308221.0,1,0.01
34076.0,1,0.01
325829.0,1,0.01
159827.0,1,0.01
224749.0,1,0.01
273670.0,1,0.01
305348.0,1,0.01
340314.0,1,0.01
341083.0,1,0.01
190177.0,1,0.01
188879.0,1,0.01
264563.0,1,0.01
276863.0,1,0.01
189291.0,1,0.01
340349.0,1,0.01
298669.0,1,0.01
310240.0,1,0.01
191697.0,1,0.01
277141.0,1,0.01
133355.0,1,0.01
300793.0,1,0.01
277414.0,1,0.01
260706.0,1,0.01
313242.0,1,0.01
293254.0,1,0.01
272214.0,1,0.01
169133.0,1,0.01
31754.0,1,0.01
189221.0,1,0.01
212962.0,1,0.01
262148.0,1,0.01
277442.0,1,0.01
331935.0,1,0.01
326681.0,1,0.01
245897.0,1,0.01
78798.0,1,0.01
171130.0,1,0.01
206300.0,1,0.01
331178.0,1,0.01
307095.0,1,0.01
209706.0,1,0.01
245938.0,1,0.01
318954.0,1,0.01
327358.0,1,0.01
294257.0,1,0.01
206366.0,1,0.01
197575.0,1,0.01
314080.0,1,0.01
102508.0,1,0.01
189747.0,1,0.01
134959.0,1,0.01
294815.0,1,0.01
290585.0,1,0.01
224632.0,1,0.01
264011.0,1,0.01
191706.0,1,0.01
252129.0,1,0.01
303297.0,1,0.01
35032.0,1,0.01
141307.0,1,0.01
260708.0,1,0.01
275864.0,1,0.01
75883.0,1,0.01
23403.0,1,0.01
25437.0,1,0.01
256790.0,1,0.01
248446.0,1,0.01
108258.0,1,0.01
256707.0,1,0.01
265543.0,1,0.01
324876.0,1,0.01
331044.0,1,0.01
174809.0,1,0.01
229629.0,1,0.01
198403.0,1,0.01
31764.0,1,0.01
200909.0,1,0.01
228194.0,1,0.01
189994.0,1,0.01
312825.0,1,0.01
318855.0,1,0.01
323554.0,1,0.01
211244.0,1,0.01
299243.0,1,0.01
249681.0,1,0.01
318605.0,1,0.01
314078.0,1,0.01
108624.0,1,0.01
190262.0,1,0.01
256742.0,1,0.01
260742.0,1,0.01
171465.0,1,0.01
319253.0,1,0.01
312471.0,1,0.01
333765.0,1,0.01
311095.0,1,0.01
338380.0,1,0.01
189458.0,1,0.01
201683.0,1,0.01
200051.0,1,0.01
256753.0,1,0.01
261639.0,1,0.01
4406.0,1,0.01
184989.0,1,0.01
174802.0,1,0.01
327930.0,1,0.01
189496.0,1,0.01
331033.0,1,0.01
325029.0,1,0.01
263596.0,1,0.01
312632.0,1,0.01
224907.0,1,0.01
325388.0,1,0.01
306454.0,1,0.01
323499.0,1,0.01
274259.0,1,0.01
249679.0,1,0.01
260758.0,1,0.01
224640.0,1,0.01
289275.0,1,0.01
305257.0,1,0.01
275804.0,1,0.01
205312.0,1,0.01
143886.0,1,0.01
34481.0,1,0.01
227728.0,1,0.01
333459.0,1,0.01
250439.0,1,0.01
191705.0,1,0.01
295195.0,1,0.01
135803.0,1,0.01
230755.0,1,0.01
226186.0,1,0.01
211517.0,1,0.01
227719.0,1,0.01
331032.0,1,0.01
318611.0,1,0.01
325624.0,1,0.01
241807.0,1,0.01
334089.0,1,0.01
238380.0,1,0.01
333449.0,1,0.01
311192.0,1,0.01
257702.0,1,0.01
226113.0,1,0.01
317778.0,1,0.01
34001.0,1,0.01
125356.0,1,0.01
338893.0,1,0.01
290570.0,1,0.01
198262.0,1,0.01
250742.0,1,0.01
314862.0,1,0.01
171496.0,1,0.01
276412.0,1,0.01
206218.0,1,0.01
225380.0,1,0.01
189390.0,1,0.01
248856.0,1,0.01
171497.0,1,0.01
264315.0,1,0.01
210371.0,1,0.01
229010.0,1,0.01
35111.0,1,0.01
111604.0,1,0.01
328289.0,1,0.01
131751.0,1,0.01
207433.0,1,0.01
189224.0,1,0.01
57152.0,1,0.01
260993.0,1,0.01
263564.0,1,0.01
263777.0,1,0.01
265361.0,1,0.01
265474.0,1,0.01
24082.0,1,0.01
331902.0,1,0.01
200836.0,1,0.01
201977.0,1,0.01
188310.0,1,0.01
318764.0,1,0.01
303311.0,1,0.01
257590.0,1,0.01
300714.0,1,0.01
291968.0,1,0.01
333170.0,1,0.01
276525.0,1,0.01
189459.0,1,0.01
34469.0,1,0.01
260835.0,1,0.01
266142.0,1,0.01
256616.0,1,0.01
27207.0,1,0.01
223756.0,1,0.01
173257.0,1,0.01
183292.0,1,0.01
258759.0,1,0.01
172113.0,1,0.01
191681.0,1,0.01
261050.0,1,0.01
150292.0,1,0.01
326950.0,1,0.01
189365.0,1,0.01
332558.0,1,0.01
20417.0,1,0.01
170850.0,1,0.01
216023.0,1,0.01
204999.0,1,0.01
260279.0,1,0.01
233679.0,1,0.01
290311.0,1,0.01
305679.0,1,0.01
230126.0,1,0.01
260888.0,1,0.01
223919.0,1,0.01
190242.0,1,0.01
325391.0,1,0.01
328450.0,1,0.01
76619.0,1,0.01
285211.0,1,0.01
189636.0,1,0.01
266095.0,1,0.01
299909.0,1,0.01
203067.0,1,0.01
302270.0,1,0.01
269000.0,1,0.01
99866.0,1,0.01
101444.0,1,0.01
171176.0,1,0.01
315317.0,1,0.01
213524.0,1,0.01
344554.0,1,0.01
150211.0,1,0.01
188801.0,1,0.01
178963.0,1,0.01
336527.0,1,0.01
94444.0,1,0.01
256495.0,1,0.01
309019.0,1,0.01
235476.0,1,0.01
55818.0,1,0.01
228107.0,1,0.01
324526.0,1,0.01
224733.0,1,0.01
188319.0,1,0.01
312039.0,1,0.01
189342.0,1,0.01
56879.0,1,0.01
256600.0,1,0.01
329024.0,1,0.01
304011.0,1,0.01
260756.0,1,0.01
275843.0,1,0.01
189043.0,1,0.01
3512.0,1,0.01
318298.0,1,0.01
248723.0,1,0.01
248192.0,1,0.01
331458.0,1,0.01
332925.0,1,0.01
265108.0,1,0.01
306790.0,1,0.01
318722.0,1,0.01
187669.0,1,0.01
228499.0,1,0.01
251353.0,1,0.01
190032.0,1,0.01
333206.0,1,0.01
191716.0,1,0.01
310273.0,1,0.01
300746.0,1,0.01
189685.0,1,0.01
254436.0,1,0.01
228186.0,1,0.01
245288.0,1,0.01
344870.0,1,0.01
172158.0,1,0.01
188357.0,1,0.01
278441.0,1,0.01
328519.0,1,0.01
331203.0,1,0.01
76491.0,1,0.01
311717.0,1,0.01
32151.0,1,0.01
178718.0,1,0.01
251608.0,1,0.01
188755.0,1,0.01
263610.0,1,0.01
340814.0,1,0.01
306405.0,1,0.01
103850.0,1,0.01
209845.0,1,0.01
188902.0,1,0.01
172118.0,1,0.01
190048.0,1,0.01
149713.0,1,0.01
265380.0,1,0.01
120456.0,1,0.01
331438.0,1,0.01
305754.0,1,0.01
190717.0,1,0.01
73134.0,1,0.01
41990.0,1,0.01
248737.0,1,0.01
234090.0,1,0.01
342559.0,1,0.01
199691.0,1,0.01
327863.0,1,0.01
193523.0,1,0.01
188895.0,1,0.01
190062.0,1,0.01
184901.0,1,0.01
303468.0,1,0.01
224478.0,1,0.01
226105.0,1,0.01
328524.0,1,0.01
313388.0,1,0.01
16042.0,1,0.01
306128.0,1,0.01
240913.0,1,0.01
4113.0,1,0.01
227722.0,1,0.01
23597.0,1,0.01
170823.0,1,0.01
325495.0,1,0.01
244280.0,1,0.01
265426.0,1,0.01
251897.0,1,0.01
220646.0,1,0.01
210437.0,1,0.01
134976.0,1,0.01
300482.0,1,0.01
246943.0,1,0.01
311073.0,1,0.01
123844.0,1,0.01
117686.0,1,0.01
148960.0,1,0.01
317868.0,1,0.01
224398.0,1,0.01
330870.0,1,0.01
225315.0,1,0.01
331071.0,1,0.01
314653.0,1,0.01
298074.0,1,0.01
189803.0,1,0.01
248681.0,1,0.01
241712.0,1,0.01
171145.0,1,0.01
308224.0,1,0.01
325418.0,1,0.01
256523.0,1,0.01
300080.0,1,0.01
328462.0,1,0.01
4439.0,1,0.01
328552.0,1,0.01
327883.0,1,0.01
181028.0,1,0.01
277400.0,1,0.01
317968.0,1,0.01
263705.0,1,0.01
323534.0,1,0.01
293175.0,1,0.01
311196.0,1,0.01
187658.0,1,0.01
341356.0,1,0.01
234849.0,1,0.01
88386.0,1,0.01
108592.0,1,0.01
190119.0,1,0.01
304958.0,1,0.01
99033.0,1,0.01
223850.0,1,0.01
71680.0,1,0.01
313228.0,1,0.01
260849.0,1,0.01
245489.0,1,0.01
193499.0,1,0.01
264002.0,1,0.01
60761.0,1,0.01
260729.0,1,0.01
201511.0,1,0.01
227652.0,1,0.01
292940.0,1,0.01
210445.0,1,0.01
265220.0,1,0.01
300873.0,1,0.01
261677.0,1,0.01
324776.0,1,0.01
77618.0,1,0.01
264552.0,1,0.01
199405.0,1,0.01
189012.0,1,0.01
171168.0,1,0.01
311133.0,1,0.01
223423.0,1,0.01
135211.0,1,0.01
189156.0,1,0.01
193931.0,1,0.01
324252.0,1,0.01
188926.0,1,0.01
312900.0,1,0.01
328446.0,1,0.01
334464.0,1,0.01
293778.0,1,0.01
328931.0,1,0.01
299045.0,1,0.01
264064.0,1,0.01
140022.0,1,0.01
293062.0,1,0.01
324781.0,1,0.01
92118.0,1,0.01
308720.0,1,0.01
149595.0,1,0.01
241045.0,1,0.01
248188.0,1,0.01
312858.0,1,0.01
263915.0,1,0.01
228670.0,1,0.01
83318.0,1,0.01
235347.0,1,0.01
293178.0,1,0.01
139670.0,1,0.01
315305.0,1,0.01
294485.0,1,0.01
331304.0,1,0.01
190546.0,1,0.01
189374.0,1,0.01
298856.0,1,0.01
74302.0,1,0.01
198747.0,1,0.01
161878.0,1,0.01
317889.0,1,0.01
120222.0,1,0.01
68194.0,1,0.01
76284.0,1,0.01
331415.0,1,0.01
147001.0,1,0.01
333158.0,1,0.01
308541.0,1,0.01
331436.0,1,0.01
24099.0,1,0.01
258333.0,1,0.01
17762.0,1,0.01
227945.0,1,0.01
250614.0,1,0.01
312377.0,1,0.01
256618.0,1,0.01
119963.0,1,0.01
263484.0,1,0.01
317993.0,1,0.01
315282.0,1,0.01
318010.0,1,0.01
274980.0,1,0.01
152925.0,1,0.01
98511.0,1,0.01
171098.0,1,0.01
264919.0,1,0.01
290308.0,1,0.01
222947.0,1,0.01
60397.0,1,0.01
294266.0,1,0.01
31767.0,1,0.01
33544.0,1,0.01
333172.0,1,0.01
303697.0,1,0.01
229846.0,1,0.01
230143.0,1,0.01
324038.0,1,0.01
52348.0,1,0.01
340321.0,1,0.01
31680.0,1,0.01
193926.0,1,0.01
315623.0,1,0.01
293459.0,1,0.01
204626.0,1,0.01
322018.0,1,0.01
286985.0,1,0.01
156578.0,1,0.01
27715.0,1,0.01
311707.0,1,0.01
330900.0,1,0.01
311965.0,1,0.01
60553.0,1,0.01
198238.0,1,0.01
325337.0,1,0.01
263743.0,1,0.01
180.0,1,0.01
203948.0,1,0.01
265485.0,1,0.01
206981.0,1,0.01
312812.0,1,0.01
263460.0,1,0.01
198088.0,1,0.01
171344.0,1,0.01
264494.0,1,0.01
34413.0,1,0.01
310968.0,1,0.01
4377.0,1,0.01
189523.0,1,0.01
227993.0,1,0.01
34124.0,1,0.01
305225.0,1,0.01
238535.0,1,0.01
9124.0,1,0.01
194138.0,1,0.01
234593.0,1,0.01
232968.0,1,0.01
294880.0,1,0.01
208519.0,1,0.01
340706.0,1,0.01
29779.0,1,0.01
313243.0,1,0.01
340354.0,1,0.01
328505.0,1,0.01
177364.0,1,0.01
260962.0,1,0.01
171226.0,1,0.01
307944.0,1,0.01
227204.0,1,0.01
211148.0,1,0.01
329443.0,1,0.01
225821.0,1,0.01
124438.0,1,0.01
35134.0,1,0.01
331236.0,1,0.01
288259.0,1,0.01
331109.0,1,0.01
237379.0,1,0.01
242098.0,1,0.01
19685.0,1,0.01
141465.0,1,0.01
318731.0,1,0.01
124470.0,1,0.01
331529.0,1,0.01
322132.0,1,0.01
245776.0,1,0.01
85661.0,1,0.01
229834.0,1,0.01
189505.0,1,0.01
334027.0,1,0.01
241799.0,1,0.01
64831.0,1,0.01
256776.0,1,0.01
316531.0,1,0.01
325273.0,1,0.01
241939.0,1,0.01
223838.0,1,0.01
189405.0,1,0.01
256506.0,1,0.01
238829.0,1,0.01
248858.0,1,0.01
337747.0,1,0.01
251238.0,1,0.01
170916.0,1,0.01
171398.0,1,0.01
224885.0,1,0.01
192794.0,1,0.01
189851.0,1,0.01
171080.0,1,0.01
226155.0,1,0.01
17740.0,1,0.01
276595.0,1,0.01
312018.0,1,0.01
331244.0,1,0.01
310741.0,1,0.01
248853.0,1,0.01
249143.0,1,0.01
318776.0,1,0.01
175837.0,1,0.01
187879.0,1,0.01
265266.0,1,0.01
135944.0,1,0.01
316499.0,1,0.01
172153.0,1,0.01
208497.0,1,0.01
310054.0,1,0.01
274261.0,1,0.01
209684.0,1,0.01
43169.0,1,0.01
331903.0,1,0.01
172085.0,1,0.01
308138.0,1,0.01
176316.0,1,0.01
28925.0,1,0.01
245316.0,1,0.01
327733.0,1,0.01
150203.0,1,0.01
179881.0,1,0.01
111864.0,1,0.01
301472.0,1,0.01
189045.0,1,0.01
85098.0,1,0.01
193062.0,1,0.01
313200.0,1,0.01
325421.0,1,0.01
331905.0,1,0.01
299017.0,1,0.01
273381.0,1,0.01
190091.0,1,0.01
340716.0,1,0.01
120266.0,1,0.01
249736.0,1,0.01
202716.0,1,0.01
209406.0,1,0.01
188955.0,1,0.01
62165.0,1,0.01
120229.0,1,0.01
149551.0,1,0.01
27670.0,1,0.01
111320.0,1,0.01
257098.0,1,0.01
171389.0,1,0.01
227960.0,1,0.01
333174.0,1,0.01
77316.0,1,0.01
190585.0,1,0.01
207613.0,1,0.01
305920.0,1,0.01
311990.0,1,0.01
331111.0,1,0.01
304449.0,1,0.01
81154.0,1,0.01
293203.0,1,0.01
35185.0,1,0.01
331059.0,1,0.01
188925.0,1,0.01
184926.0,1,0.01
136519.0,1,0.01
111321.0,1,0.01
248848.0,1,0.01
189061.0,1,0.01
315313.0,1,0.01
189005.0,1,0.01
296236.0,1,0.01
328454.0,1,0.01
186827.0,1,0.01
328228.0,1,0.01
307592.0,1,0.01
184742.0,1,0.01
204783.0,1,0.01
25132.0,1,0.01
322084.0,1,0.01
309036.0,1,0.01
129974.0,1,0.01
170097.0,1,0.01
329400.0,1,0.01
158388.0,1,0.01
255621.0,1,0.01
226154.0,1,0.01
326535.0,1,0.01
184865.0,1,0.01
76331.0,1,0.01
340782.0,1,0.01
317975.0,1,0.01
139568.0,1,0.01
4389.0,1,0.01
257650.0,1,0.01
245745.0,1,0.01
332949.0,1,0.01
307167.0,1,0.01
18424.0,1,0.01
340784.0,1,0.01
328664.0,1,0.01
249027.0,1,0.01
188334.0,1,0.01
256534.0,1,0.01
274904.0,1,0.01
318947.0,1,0.01
49406.0,1,0.01
260967.0,1,0.01
264595.0,1,0.01
332847.0,1,0.01
149473.0,1,0.01
318813.0,1,0.01
256631.0,1,0.01
203950.0,1,0.01
310965.0,1,0.01
224731.0,1,0.01
306162.0,1,0.01
290445.0,1,0.01
187291.0,1,0.01
171192.0,1,0.01
223837.0,1,0.01
34500.0,1,0.01
190155.0,1,0.01
314083.0,1,0.01
171492.0,1,0.01
201765.0,1,0.01
238702.0,1,0.01
181012.0,1,0.01
229937.0,1,0.01
305681.0,1,0.01
102407.0,1,0.01
189395.0,1,0.01
242589.0,1,0.01
326957.0,1,0.01
274369.0,1,0.01
277445.0,1,0.01
29091.0,1,0.01
152106.0,1,0.01
227970.0,1,0.01
232421.0,1,0.01
77141.0,1,0.01
241036.0,1,0.01
248421.0,1,0.01
330905.0,1,0.01
331923.0,1,0.01
256598.0,1,0.01
198632.0,1,0.01
257623.0,1,0.01
263685.0,1,0.01
202236.0,1,0.01
190832.0,1,0.01
307955.0,1,0.01
64652.0,1,0.01
28452.0,1,0.01
31769.0,1,0.01
171459.0,1,0.01
189492.0,1,0.01
224873.0,1,0.01
126043.0,1,0.01
171458.0,1,0.01
310984.0,1,0.01
263320.0,1,0.01
188882.0,1,0.01
239443.0,1,0.01
273316.0,1,0.01
182137.0,1,0.01
1294.0,1,0.01
232459.0,1,0.01
77617.0,1,0.01
248756.0,1,0.01
257649.0,1,0.01
293142.0,1,0.01
293246.0,1,0.01
340313.0,1,0.01
206096.0,1,0.01
257746.0,1,0.01
183700.0,1,0.01
291814.0,1,0.01
105372.0,1,0.01
199888.0,1,0.01
323607.0,1,0.01
331098.0,1,0.01
338052.0,1,0.01
184031.0,1,0.01
313527.0,1,0.01
333842.0,1,0.01
171118.0,1,0.01
324531.0,1,0.01
318003.0,1,0.01
18904.0,1,0.01
200837.0,1,0.01
202018.0,1,0.01
316502.0,1,0.01
190202.0,1,0.01
330906.0,1,0.01
260527.0,1,0.01
169533.0,1,0.01
312638.0,1,0.01
207124.0,1,0.01
327838.0,1,0.01
120228.0,1,0.01
302194.0,1,0.01
307456.0,1,0.01
317862.0,1,0.01
238547.0,1,0.01
176511.0,1,0.01
261942.0,1,0.01
18221.0,1,0.01
4419.0,1,0.01
98218.0,1,0.01
305812.0,1,0.01
241473.0,1,0.01
203809.0,1,0.01
120101.0,1,0.01
265084.0,1,0.01
118860.0,1,0.01
265312.0,1,0.01
298072.0,1,0.01
34003.0,1,0.01
302279.0,1,0.01
256550.0,1,0.01
35194.0,1,0.01
198256.0,1,0.01
229712.0,1,0.01
28409.0,1,0.01
241951.0,1,0.01
298060.0,1,0.01
334079.0,1,0.01
171223.0,1,0.01
317591.0,1,0.01
326348.0,1,0.01
203014.0,1,0.01
263656.0,1,0.01
30891.0,1,0.01
256252.0,1,0.01
318580.0,1,0.01
328859.0,1,0.01
256700.0,1,0.01
198683.0,1,0.01
171354.0,1,0.01
197955.0,1,0.01
263775.0,1,0.01
228143.0,1,0.01
238951.0,1,0.01
198253.0,1,0.01
226948.0,1,0.01
161247.0,1,0.01
318067.0,1,0.01
234404.0,1,0.01
277180.0,1,0.01
14130.0,1,0.01
187627.0,1,0.01
242115.0,1,0.01
303386.0,1,0.01
90733.0,1,0.01
317707.0,1,0.01
290638.0,1,0.01
328044.0,1,0.01
312820.0,1,0.01
100577.0,1,0.01
265407.0,1,0.01
312475.0,1,0.01
276796.0,1,0.01
325766.0,1,0.01
290721.0,1,0.01
307181.0,1,0.01
276260.0,1,0.01
328293.0,1,0.01
147708.0,1,0.01
245986.0,1,0.01
245509.0,1,0.01
274951.0,1,0.01
263616.0,1,0.01
3825.0,1,0.01
227306.0,1,0.01
30073.0,1,0.01
199069.0,1,0.01
263516.0,1,0.01
71617.0,1,0.01
328528.0,1,0.01
16049.0,1,0.01
318759.0,1,0.01
294595.0,1,0.01
251383.0,1,0.01
182095.0,1,0.01
226673.0,1,0.01
128347.0,1,0.01
256745.0,1,0.01
326577.0,1,0.01
325360.0,1,0.01
4164.0,1,0.01
52051.0,1,0.01
263766.0,1,0.01
257564.0,1,0.01
33843.0,1,0.01
317104.0,1,0.01
35244.0,1,0.01
274412.0,1,0.01
245944.0,1,0.01
202145.0,1,0.01
128127.0,1,0.01
130957.0,1,0.01
3939.0,1,0.01
169513.0,1,0.01
328983.0,1,0.01
265563.0,1,0.01
265476.0,1,0.01
313217.0,1,0.01
171330.0,1,0.01
256258.0,1,0.01
253649.0,1,0.01
311575.0,1,0.01
272078.0,1,0.01
210441.0,1,0.01
227930.0,1,0.01
22333.0,1,0.01
189928.0,1,0.01
317982.0,1,0.01
244623.0,1,0.01
324083.0,1,0.01
265375.0,1,0.01
225035.0,1,0.01
198879.0,1,0.01
28645.0,1,0.01
334081.0,1,0.01
22024.0,1,0.01
258500.0,1,0.01
52367.0,1,0.01
137339.0,1,0.01
310674.0,1,0.01
188927.0,1,0.01
290581.0,1,0.01
15695.0,1,0.01
235383.0,1,0.01
251704.0,1,0.01
207083.0,1,0.01
313266.0,1,0.01
204125.0,1,0.01
331442.0,1,0.01
313308.0,1,0.01
171372.0,1,0.01
262022.0,1,0.01
235376.0,1,0.01
331202.0,1,0.01
192507.0,1,0.01
132068.0,1,0.01
331925.0,1,0.01
172165.0,1,0.01
240379.0,1,0.01
313408.0,1,0.01
200961.0,1,0.01
190061.0,1,0.01
332908.0,1,0.01
257631.0,1,0.01
227941.0,1,0.01
189313.0,1,0.01
307670.0,1,0.01
1866.0,1,0.01
231675.0,1,0.01
122367.0,1,0.01
179391.0,1,0.01
310062.0,1,0.01
318787.0,1,0.01
226455.0,1,0.01
183901.0,1,0.01
342930.0,1,0.01
228146.0,1,0.01
331431.0,1,0.01
263642.0,1,0.01
331890.0,1,0.01
325206.0,1,0.01
234397.0,1,0.01
277721.0,1,0.01
186213.0,1,0.01
150212.0,1,0.01
189728.0,1,0.01
276865.0,1,0.01
295096.0,1,0.01
247568.0,1,0.01
342759.0,1,0.01
248714.0,1,0.01
182093.0,1,0.01
239467.0,1,0.01
299044.0,1,0.01
328633.0,1,0.01
171322.0,1,0.01
171346.0,1,0.01
189915.0,1,0.01
272191.0,1,0.01
239080.0,1,0.01
189362.0,1,0.01
324369.0,1,0.01
264567.0,1,0.01
327886.0,1,0.01
200291.0,1,0.01
193612.0,1,0.01
302398.0,1,0.01
312292.0,1,0.01
281529.0,1,0.01
202522.0,1,0.01
234848.0,1,0.01
188863.0,1,0.01
315105.0,1,0.01
327962.0,1,0.01
253705.0,1,0.01
189575.0,1,0.01
206353.0,1,0.01
333466.0,1,0.01
340727.0,1,0.01
338896.0,1,0.01
227191.0,1,0.01
185880.0,1,0.01
35125.0,1,0.01
304618.0,1,0.01
189698.0,1,0.01
251773.0,1,0.01
149738.0,1,0.01
318782.0,1,0.01
3158.0,1,0.01
228229.0,1,0.01
306796.0,1,0.01
209851.0,1,0.01
257662.0,1,0.01
300467.0,1,0.01
103830.0,1,0.01
223918.0,1,0.01
35143.0,1,0.01
260775.0,1,0.01
35227.0,1,0.01
152111.0,1,0.01
115646.0,1,0.01
325755.0,1,0.01
186072.0,1,0.01
189051.0,1,0.01
184654.0,1,0.01
174833.0,1,0.01
318763.0,1,0.01
340255.0,1,0.01
265406.0,1,0.01
312012.0,1,0.01
206253.0,1,0.01
228172.0,1,0.01
66791.0,1,0.01
302781.0,1,0.01
316542.0,1,0.01
201152.0,1,0.01
260813.0,1,0.01
291822.0,1,0.01
256403.0,1,0.01
202011.0,1,0.01
153909.0,1,0.01
225835.0,1,0.01
106178.0,1,0.01
193916.0,1,0.01
317064.0,1,0.01
227561.0,1,0.01
215478.0,1,0.01
207136.0,1,0.01
108212.0,1,0.01
187891.0,1,0.01
263559.0,1,0.01
265093.0,1,0.01
35288.0,1,0.01
208534.0,1,0.01
302721.0,1,0.01
65381.0,1,0.01
274167.0,1,0.01
290682.0,1,0.01
328840.0,1,0.01
147610.0,1,0.01
337782.0,1,0.01
250480.0,1,0.01
260126.0,1,0.01
171303.0,1,0.01
317986.0,1,0.01
212949.0,1,0.01
77344.0,1,0.01
256743.0,1,0.01
187871.0,1,0.01
234618.0,1,0.01
303763.0,1,0.01
312006.0,1,0.01
189972.0,1,0.01
276621.0,1,0.01
24262.0,1,0.01
127994.0,1,0.01
309570.0,1,0.01
256487.0,1,0.01
315274.0,1,0.01
261110.0,1,0.01
306807.0,1,0.01
171358.0,1,0.01
273603.0,1,0.01
256465.0,1,0.01
244595.0,1,0.01
190203.0,1,0.01
64785.0,1,0.01
309923.0,1,0.01
171353.0,1,0.01
276590.0,1,0.01
312306.0,1,0.01
259205.0,1,0.01
224785.0,1,0.01
318781.0,1,0.01
311815.0,1,0.01
35126.0,1,0.01
328150.0,1,0.01
333846.0,1,0.01
263760.0,1,0.01
189562.0,1,0.01
205302.0,1,0.01
199776.0,1,0.01
189087.0,1,0.01
199679.0,1,0.01
179204.0,1,0.01
335386.0,1,0.01
260963.0,1,0.01
108600.0,1,0.01
334091.0,1,0.01
317898.0,1,0.01
333457.0,1,0.01
328517.0,1,0.01
190739.0,1,0.01
306300.0,1,0.01
130717.0,1,0.01
271791.0,1,0.01
227750.0,1,0.01
256553.0,1,0.01
189299.0,1,0.01
200034.0,1,0.01
189139.0,1,0.01
265409.0,1,0.01
291988.0,1,0.01
322126.0,1,0.01
224769.0,1,0.01
189982.0,1,0.01
264310.0,1,0.01
340269.0,1,0.01
212171.0,1,0.01
184921.0,1,0.01
263702.0,1,0.01
8949.0,1,0.01
187844.0,1,0.01
261713.0,1,0.01
263533.0,1,0.01
30038.0,1,0.01
345356.0,1,0.01
252512.0,1,0.01
45564.0,1,0.01
152126.0,1,0.01
276861.0,1,0.01
264667.0,1,0.01
289928.0,1,0.01
307130.0,1,0.01
334166.0,1,0.01
323687.0,1,0.01
190067.0,1,0.01
311956.0,1,0.01
227962.0,1,0.01
238943.0,1,0.01
174803.0,1,0.01
3711.0,1,0.01
304088.0,1,0.01
202931.0,1,0.01
261902.0,1,0.01
113778.0,1,0.01
34576.0,1,0.01
140062.0,1,0.01
209401.0,1,0.01
223753.0,1,0.01
191606.0,1,0.01
206311.0,1,0.01
307273.0,1,0.01
30849.0,1,0.01
150.0,1,0.01
226167.0,1,0.01
240909.0,1,0.01
258550.0,1,0.01
154359.0,1,0.01
100102.0,1,0.01
275844.0,1,0.01
30928.0,1,0.01
256245.0,1,0.01
8045.0,1,0.01
331418.0,1,0.01
42542.0,1,0.01
265247.0,1,0.01
295845.0,1,0.01
329484.0,1,0.01
238971.0,1,0.01
183883.0,1,0.01
263699.0,1,0.01
18346.0,1,0.01
312045.0,1,0.01
340361.0,1,0.01
227971.0,1,0.01
225337.0,1,0.01
189625.0,1,0.01
260044.0,1,0.01
184998.0,1,0.01
333839.0,1,0.01
205320.0,1,0.01
189783.0,1,0.01
281634.0,1,0.01
314863.0,1,0.01
238952.0,1,0.01
35075.0,1,0.01
224647.0,1,0.01
230202.0,1,0.01
340359.0,1,0.01
224629.0,1,0.01
260811.0,1,0.01
189450.0,1,0.01
99796.0,1,0.01
188967.0,1,0.01
238407.0,1,0.01
199423.0,1,0.01
312796.0,1,0.01
226101.0,1,0.01
317877.0,1,0.01
338176.0,1,0.01
207008.0,1,0.01
298884.0,1,0.01
235345.0,1,0.01
30580.0,1,0.01
171343.0,1,0.01
198768.0,1,0.01
183661.0,1,0.01
189242.0,1,0.01
263091.0,1,0.01
23941.0,1,0.01
230087.0,1,0.01
276279.0,1,0.01
185890.0,1,0.01
294238.0,1,0.01
202134.0,1,0.01
277039.0,1,0.01
155409.0,1,0.01
331915.0,1,0.01
171285.0,1,0.01
325420.0,1,0.01
204840.0,1,0.01
33891.0,1,0.01
150204.0,1,0.01
187945.0,1,0.01
331102.0,1,0.01
76950.0,1,0.01
172130.0,1,0.01
189172.0,1,0.01
185869.0,1,0.01
256571.0,1,0.01
264400.0,1,0.01
171283.0,1,0.01
180263.0,1,0.01
256241.0,1,0.01
264258.0,1,0.01
30387.0,1,0.01
230802.0,1,0.01
256426.0,1,0.01
318789.0,1,0.01
263598.0,1,0.01
203762.0,1,0.01
265372.0,1,0.01
252520.0,1,0.01
34079.0,1,0.01
210662.0,1,0.01
4375.0,1,0.01
241733.0,1,0.01
4429.0,1,0.01
135183.0,1,0.01
287066.0,1,0.01
249967.0,1,0.01
328533.0,1,0.01
256739.0,1,0.01
341118.0,1,0.01
200021.0,1,0.01
304412.0,1,0.01
305418.0,1,0.01
306149.0,1,0.01
260732.0,1,0.01
251635.0,1,0.01
40103.0,1,0.01
331450.0,1,0.01
200294.0,1,0.01
312705.0,1,0.01
335336.0,1,0.01
249969.0,1,0.01
245478.0,1,0.01
115504.0,1,0.01
258631.0,1,0.01
263432.0,1,0.01
314192.0,1,0.01
251567.0,1,0.01
250611.0,1,0.01
235138.0,1,0.01
100905.0,1,0.01
199761.0,1,0.01
171475.0,1,0.01
256765.0,1,0.01
261824.0,1,0.01
171195.0,1,0.01
201320.0,1,0.01
331243.0,1,0.01
171099.0,1,0.01
192665.0,1,0.01
331057.0,1,0.01
294502.0,1,0.01
331043.0,1,0.01
313429.0,1,0.01
256441.0,1,0.01
326339.0,1,0.01
210898.0,1,0.01
171217.0,1,0.01
195958.0,1,0.01
310074.0,1,0.01
336248.0,1,0.01
260106.0,1,0.01
183951.0,1,0.01
239221.0,1,0.01
189023.0,1,0.01
337154.0,1,0.01
207696.0,1,0.01
226313.0,1,0.01
223758.0,1,0.01
207047.0,1,0.01
224878.0,1,0.01
3934.0,1,0.01
313427.0,1,0.01
149648.0,1,0.01
304667.0,1,0.01
248720.0,1,0.01
306071.0,1,0.01
302767.0,1,0.01
331045.0,1,0.01
256613.0,1,0.01
257638.0,1,0.01
306842.0,1,0.01
265434.0,1,0.01
334074.0,1,0.01
171186.0,1,0.01
333295.0,1,0.01
306172.0,1,0.01
313563.0,1,0.01
103941.0,1,0.01
264739.0,1,0.01
308328.0,1,0.01
297299.0,1,0.01
97903.0,1,0.01
227841.0,1,0.01
156.0,1,0.01
314663.0,1,0.01
176828.0,1,0.01
117013.0,1,0.01
188429.0,1,0.01
246001.0,1,0.01
24086.0,1,0.01
309701.0,1,0.01
189702.0,1,0.01
189699.0,1,0.01
35055.0,1,0.01
331422.0,1,0.01
250428.0,1,0.01
162273.0,1,0.01
171382.0,1,0.01
263263.0,1,0.01
311513.0,1,0.01
203860.0,1,0.01
263595.0,1,0.01
210098.0,1,0.01
176421.0,1,0.01
200944.0,1,0.01
34259.0,1,0.01
171369.0,1,0.01
263082.0,1,0.01
331774.0,1,0.01
326709.0,1,0.01
264705.0,1,0.01
110571.0,1,0.01
189914.0,1,0.01
229007.0,1,0.01
76951.0,1,0.01
311719.0,1,0.01
248849.0,1,0.01
76891.0,1,0.01
237988.0,1,0.01
196779.0,1,0.01
144509.0,1,0.01
226667.0,1,0.01
189804.0,1,0.01
311374.0,1,0.01
198850.0,1,0.01
137305.0,1,0.01
297010.0,1,0.01
123190.0,1,0.01
188320.0,1,0.01
291813.0,1,0.01
264566.0,1,0.01
256706.0,1,0.01
290911.0,1,0.01
225813.0,1,0.01
249882.0,1,0.01
172116.0,1,0.01
249412.0,1,0.01
325627.0,1,0.01
313174.0,1,0.01
330647.0,1,0.01
96702.0,1,0.01
190483.0,1,0.01
256719.0,1,0.01
190738.0,1,0.01
331252.0,1,0.01
300998.0,1,0.01
41441.0,1,0.01
191230.0,1,0.01
276767.0,1,0.01
265323.0,1,0.01
298638.0,1,0.01
210439.0,1,0.01
276781.0,1,0.01
189352.0,1,0.01
251903.0,1,0.01
322155.0,1,0.01
131398.0,1,0.01
224065.0,1,0.01
260997.0,1,0.01
11315.0,1,0.01
328313.0,1,0.01
334098.0,1,0.01
238945.0,1,0.01
264555.0,1,0.01
299961.0,1,0.01
331159.0,1,0.01
313437.0,1,0.01
206752.0,1,0.01
263522.0,1,0.01
77129.0,1,0.01
25119.0,1,0.01
225335.0,1,0.01
256782.0,1,0.01
32138.0,1,0.01
276342.0,1,0.01
331368.0,1,0.01
228298.0,1,0.01
333769.0,1,0.01
312879.0,1,0.01
294487.0,1,0.01
149122.0,1,0.01
4010.0,1,0.01
325957.0,1,0.01
251470.0,1,0.01
33696.0,1,0.01
275950.0,1,0.01
108113.0,1,0.01
189675.0,1,0.01
47773.0,1,0.01
13360.0,1,0.01
188821.0,1,0.01
98440.0,1,0.01
324867.0,1,0.01
333171.0,1,0.01
306591.0,1,0.01
312612.0,1,0.01
156791.0,1,0.01
200123.0,1,0.01
24515.0,1,0.01
317988.0,1,0.01
189336.0,1,0.01
256711.0,1,0.01
312872.0,1,0.01
143852.0,1,0.01
328482.0,1,0.01
326187.0,1,0.01
242844.0,1,0.01
256721.0,1,0.01
35208.0,1,0.01
208593.0,1,0.01
263708.0,1,0.01
188784.0,1,0.01
316905.0,1,0.01
307304.0,1,0.01
257704.0,1,0.01
241924.0,1,0.01
331190.0,1,0.01
128802.0,1,0.01
171384.0,1,0.01
277255.0,1,0.01
314081.0,1,0.01
328470.0,1,0.01
275834.0,1,0.01
245916.0,1,0.01
263934.0,1,0.01
111280.0,1,0.01
187296.0,1,0.01
312978.0,1,0.01
184196.0,1,0.01
328207.0,1,0.01
238942.0,1,0.01
229630.0,1,0.01
340177.0,1,0.01
60866.0,1,0.01
281135.0,1,0.01
11168.0,1,0.01
108441.0,1,0.01
296234.0,1,0.01
256771.0,1,0.01
256551.0,1,0.01
108605.0,1,0.01
213263.0,1,0.01
241213.0,1,0.01
293097.0,1,0.01
317607.0,1,0.01
22799.0,1,0.01
4295.0,1,0.01
293277.0,1,0.01
277155.0,1,0.01
315702.0,1,0.01
311277.0,1,0.01
214926.0,1,0.01
120214.0,1,0.01
147417.0,1,0.01
181468.0,1,0.01
126073.0,1,0.01
189420.0,1,0.01
265412.0,1,0.01
338925.0,1,0.01
327493.0,1,0.01
35286.0,1,0.01
328227.0,1,0.01
260800.0,1,0.01
137123.0,1,0.01
223912.0,1,0.01
310731.0,1,0.01
331281.0,1,0.01
227759.0,1,0.01
312282.0,1,0.01
187687.0,1,0.01
256770.0,1,0.01
324888.0,1,0.01
4427.0,1,0.01
3749.0,1,0.01
264553.0,1,0.01
5118.0,1,0.01
189393.0,1,0.01
318035.0,1,0.01
338609.0,1,0.01
190096.0,1,0.01
44372.0,1,0.01
15201.0,1,0.01
318259.0,1,0.01
340358.0,1,0.01
274171.0,1,0.01
265408.0,1,0.01
261268.0,1,0.01
299801.0,1,0.01
77790.0,1,0.01
35152.0,1,0.01
88903.0,1,0.01
201664.0,1,0.01
331077.0,1,0.01
328445.0,1,0.01
263768.0,1,0.01
307098.0,1,0.01
208501.0,1,0.01
207107.0,1,0.01
171463.0,1,0.01
290634.0,1,0.01
4435.0,1,0.01
189384.0,1,0.01
331810.0,1,0.01
293455.0,1,0.01
299897.0,1,0.01
265341.0,1,0.01
245971.0,1,0.01
312040.0,1,0.01
190113.0,1,0.01
171307.0,1,0.01
261676.0,1,0.01
256675.0,1,0.01
317997.0,1,0.01
148686.0,1,0.01
131120.0,1,0.01
315640.0,1,0.01
290621.0,1,0.01
311238.0,1,0.01
201839.0,1,0.01
262621.0,1,0.01
216230.0,1,0.01
238532.0,1,0.01
331272.0,1,0.01
108010.0,1,0.01
137281.0,1,0.01
22616.0,1,0.01
261728.0,1,0.01
226138.0,1,0.01
331440.0,1,0.01
294848.0,1,0.01
341037.0,1,0.01
184249.0,1,0.01
193934.0,1,0.01
129832.0,1,0.01
325013.0,1,0.01
89759.0,1,0.01
326920.0,1,0.01
307102.0,1,0.01
202137.0,1,0.01
336965.0,1,0.01
257578.0,1,0.01
328556.0,1,0.01
260074.0,1,0.01
171169.0,1,0.01
223447.0,1,0.01
263868.0,1,0.01
328522.0,1,0.01
81541.0,1,0.01
314836.0,1,0.01
275891.0,1,0.01
127687.0,1,0.01
318740.0,1,0.01
256759.0,1,0.01
328243.0,1,0.01
183046.0,1,0.01
174805.0,1,0.01
227512.0,1,0.01
327804.0,1,0.01
316543.0,1,0.01
184251.0,1,0.01
176010.0,1,0.01
299007.0,1,0.01
250591.0,1,0.01
28408.0,1,0.01
293199.0,1,0.01
123675.0,1,0.01
189048.0,1,0.01
257688.0,1,0.01
171299.0,1,0.01
34293.0,1,0.01
305019.0,1,0.01
260499.0,1,0.01
121369.0,1,0.01
225834.0,1,0.01
324860.0,1,0.01
227731.0,1,0.01
251318.0,1,0.01
343263.0,1,0.01
101119.0,1,0.01
256690.0,1,0.01
52465.0,1,0.01
328487.0,1,0.01
199074.0,1,0.01
171451.0,1,0.01
150693.0,1,0.01
294631.0,1,0.01
331119.0,1,0.01
299504.0,1,0.01
323936.0,1,0.01
176995.0,1,0.01
25195.0,1,0.01
257625.0,1,0.01
241932.0,1,0.01
251524.0,1,0.01
225361.0,1,0.01
260572.0,1,0.01
257539.0,1,0.01
76186.0,1,0.01
331299.0,1,0.01
300976.0,1,0.01
318025.0,1,0.01
274349.0,1,0.01
171171.0,1,0.01
256454.0,1,0.01
296382.0,1,0.01
190086.0,1,0.01
200924.0,1,0.01
177171.0,1,0.01
65378.0,1,0.01
298816.0,1,0.01
322691.0,1,0.01
322040.0,1,0.01
188362.0,1,0.01
192895.0,1,0.01
23962.0,1,0.01
302636.0,1,0.01
257715.0,1,0.01
256580.0,1,0.01
328554.0,1,0.01
313417.0,1,0.01
206323.0,1,0.01
35252.0,1,0.01
189423.0,1,0.01
312507.0,1,0.01
318884.0,1,0.01
328162.0,1,0.01
276821.0,1,0.01
190215.0,1,0.01
41824.0,1,0.01
171172.0,1,0.01
318359.0,1,0.01
264564.0,1,0.01
4124.0,1,0.01
171158.0,1,0.01
142781.0,1,0.01
189955.0,1,0.01
275104.0,1,0.01
189032.0,1,0.01
257606.0,1,0.01
313567.0,1,0.01
344289.0,1,0.01
255988.0,1,0.01
307180.0,1,0.01
245325.0,1,0.01
33885.0,1,0.01
186100.0,1,0.01
256788.0,1,0.01
338868.0,1,0.01
190011.0,1,0.01
312102.0,1,0.01
60436.0,1,0.01
260812.0,1,0.01
35160.0,1,0.01
317542.0,1,0.01
292930.0,1,0.01
174795.0,1,0.01
331922.0,1,0.01
207054.0,1,0.01
189896.0,1,0.01
227612.0,1,0.01
250167.0,1,0.01
189978.0,1,0.01
290713.0,1,0.01
328047.0,1,0.01
249678.0,1,0.01
311409.0,1,0.01
206786.0,1,0.01
311743.0,1,0.01
330896.0,1,0.01
181649.0,1,0.01
333169.0,1,0.01
293114.0,1,0.01
206123.0,1,0.01
259260.0,1,0.01
228187.0,1,0.01
302745.0,1,0.01
203799.0,1,0.01
206207.0,1,0.01
199766.0,1,0.01
226181.0,1,0.01
264826.0,1,0.01
250022.0,1,0.01
11519.0,1,0.01
328471.0,1,0.01
156625.0,1,0.01
188971.0,1,0.01
198111.0,1,0.01
263889.0,1,0.01
328971.0,1,0.01
328316.0,1,0.01
260096.0,1,0.01
32309.0,1,0.01
257697.0,1,0.01
247974.0,1,0.01
293106.0,1,0.01
192801.0,1,0.01
75369.0,1,0.01
260868.0,1,0.01
318816.0,1,0.01
134964.0,1,0.01
100281.0,1,0.01
290588.0,1,0.01
327238.0,1,0.01
342728.0,1,0.01
190133.0,1,0.01
294547.0,1,0.01
274253.0,1,0.01
291820.0,1,0.01
110712.0,1,0.01
308147.0,1,0.01
189958.0,1,0.01
307472.0,1,0.01
35128.0,1,0.01
115423.0,1,0.01
299989.0,1,0.01
255390.0,1,0.01
27169.0,1,0.01
311182.0,1,0.01
225342.0,1,0.01
310807.0,1,0.01
229635.0,1,0.01
307473.0,1,0.01
60034.0,1,0.01
327721.0,1,0.01
253164.0,1,0.01
333061.0,1,0.01
261848.0,1,0.01
140572.0,1,0.01
289837.0,1,0.01
35220.0,1,0.01
307922.0,1,0.01
327239.0,1,0.01
341606.0,1,0.01
257639.0,1,0.01
328238.0,1,0.01
240914.0,1,0.01
257616.0,1,0.01
325219.0,1,0.01
172119.0,1,0.01
323575.0,1,0.01
205094.0,1,0.01
218704.0,1,0.01
339493.0,1,0.01
227456.0,1,0.01
187882.0,1,0.01
304304.0,1,0.01
208540.0,1,0.01
293021.0,1,0.01
131773.0,1,0.01
99090.0,1,0.01
189942.0,1,0.01
91656.0,1,0.01
313536.0,1,0.01
312333.0,1,0.01
263644.0,1,0.01
30141.0,1,0.01
257618.0,1,0.01
324451.0,1,0.01
257504.0,1,0.01
331163.0,1,0.01
199883.0,1,0.01
272057.0,1,0.01
13192.0,1,0.01
226189.0,1,0.01
331266.0,1,0.01
328477.0,1,0.01
276862.0,1,0.01
187673.0,1,0.01
313276.0,1,0.01
189050.0,1,0.01
212382.0,1,0.01
256455.0,1,0.01
61145.0,1,0.01
256747.0,1,0.01
307233.0,1,0.01
118383.0,1,0.01
293015.0,1,0.01
178359.0,1,0.01
251702.0,1,0.01
188324.0,1,0.01
190156.0,1,0.01
207097.0,1,0.01
223629.0,1,0.01
187866.0,1,0.01
312474.0,1,0.01
257640.0,1,0.01
28852.0,1,0.01
263711.0,1,0.01
19185.0,1,0.01
318208.0,1,0.01
331282.0,1,0.01
13025.0,1,0.01
32142.0,1,0.01
207082.0,1,0.01
253340.0,1,0.01
224774.0,1,0.01
331052.0,1,0.01
225769.0,1,0.01
189857.0,1,0.01
319175.0,1,0.01
313546.0,1,0.01
227521.0,1,0.01
206344.0,1,0.01
321229.0,1,0.01
334259.0,1,0.01
331918.0,1,0.01
198998.0,1,0.01
185438.0,1,0.01
296233.0,1,0.01
329289.0,1,0.01
256751.0,1,0.01
331097.0,1,0.01
263639.0,1,0.01
189133.0,1,0.01
324923.0,1,0.01
263696.0,1,0.01
316948.0,1,0.01
72595.0,1,0.01
313441.0,1,0.01
337324.0,1,0.01
148831.0,1,0.01
240323.0,1,0.01
204022.0,1,0.01
341753.0,1,0.01
305720.0,1,0.01
35282.0,1,0.01
256545.0,1,0.01
217353.0,1,0.01
185909.0,1,0.01
275085.0,1,0.01
184816.0,1,0.01
275515.0,1,0.01
293064.0,1,0.01
260239.0,1,0.01
317124.0,1,0.01
325430.0,1,0.01
311959.0,1,0.01
336956.0,1,0.01
276809.0,1,0.01
250553.0,1,0.01
226792.0,1,0.01
189480.0,1,0.01
227585.0,1,0.01
293187.0,1,0.01
184505.0,1,0.01
337404.0,1,0.01
260222.0,1,0.01
275857.0,1,0.01
298803.0,1,0.01
84554.0,1,0.01
308198.0,1,0.01
293133.0,1,0.01
187625.0,1,0.01
256687.0,1,0.01
119888.0,1,0.01
320952.0,1,0.01
152551.0,1,0.01
248717.0,1,0.01
333798.0,1,0.01
171229.0,1,0.01
199418.0,1,0.01
171461.0,1,0.01
317599.0,1,0.01
189954.0,1,0.01
8382.0,1,0.01
257608.0,1,0.01
204048.0,1,0.01
238770.0,1,0.01
4772.0,1,0.01
298075.0,1,0.01
214885.0,1,0.01
311071.0,1,0.01
13940.0,1,0.01
272034.0,1,0.01
190147.0,1,0.01
333468.0,1,0.01
174965.0,1,0.01
198763.0,1,0.01
208539.0,1,0.01
190024.0,1,0.01
40787.0,1,0.01
330938.0,1,0.01
242522.0,1,0.01
335098.0,1,0.01
311457.0,1,0.01
276932.0,1,0.01
