CountryIdentifier,Count,Percentage
43,431,4.31
141,357,3.5700000000000003
29,339,3.39
171,331,3.3099999999999996
93,302,3.02
60,260,2.6
97,239,2.39
207,238,2.3800000000000003
201,236,2.36
89,234,2.34
107,226,2.26
66,225,2.25
214,222,2.22
203,215,2.15
44,198,1.9800000000000002
41,184,1.8399999999999999
68,181,1.81
9,178,1.78
51,177,1.77
158,173,1.73
195,160,1.6
142,159,1.59
149,153,1.53
35,153,1.53
160,140,1.4000000000000001
155,130,1.3
205,129,1.29
164,127,1.27
88,104,1.04
220,101,1.01
173,99,0.9900000000000001
159,98,0.98
91,93,0.9299999999999999
101,93,0.9299999999999999
59,87,0.8699999999999999
12,86,0.86
169,80,0.8
80,79,0.79
84,78,0.7799999999999999
19,75,0.75
110,73,0.73
50,71,0.7100000000000001
95,71,0.7100000000000001
18,70,0.7000000000000001
177,68,0.6799999999999999
39,66,0.66
57,66,0.66
2,63,0.63
11,62,0.62
180,59,0.59
86,58,0.58
21,57,0.5700000000000001
94,49,0.49
53,48,0.48
122,48,0.48
178,48,0.48
55,47,0.47000000000000003
150,46,0.45999999999999996
147,45,0.44999999999999996
45,44,0.44
211,44,0.44
154,41,0.41000000000000003
170,41,0.41000000000000003
100,39,0.38999999999999996
33,39,0.38999999999999996
118,38,0.38
208,38,0.38
188,38,0.38
115,37,0.37
167,35,0.35000000000000003
90,35,0.35000000000000003
108,34,0.33999999999999997
85,33,0.33
152,33,0.33
102,32,0.32
179,30,0.3
62,28,0.27999999999999997
120,27,0.27
162,27,0.27
199,27,0.27
151,27,0.27
73,27,0.27
56,27,0.27
58,26,0.26
112,26,0.26
104,26,0.26
81,26,0.26
166,24,0.24
131,23,0.22999999999999998
16,22,0.22
27,22,0.22
183,20,0.2
49,20,0.2
148,20,0.2
15,20,0.2
153,19,0.19
6,19,0.19
204,18,0.18
202,18,0.18
70,17,0.16999999999999998
99,17,0.16999999999999998
133,17,0.16999999999999998
222,17,0.16999999999999998
124,16,0.16
7,16,0.16
40,16,0.16
8,15,0.15
137,14,0.13999999999999999
61,14,0.13999999999999999
26,12,0.12
144,12,0.12
78,11,0.11
168,11,0.11
138,11,0.11
221,11,0.11
135,11,0.11
3,11,0.11
163,10,0.1
87,10,0.1
145,9,0.09
96,9,0.09
132,9,0.09
119,9,0.09
42,9,0.09
17,9,0.09
206,8,0.08
83,8,0.08
30,8,0.08
22,8,0.08
190,7,0.06999999999999999
139,7,0.06999999999999999
143,7,0.06999999999999999
129,7,0.06999999999999999
63,6,0.06
103,6,0.06
127,6,0.06
156,5,0.05
184,5,0.05
32,5,0.05
185,5,0.05
111,5,0.05
67,4,0.04
36,4,0.04
121,4,0.04
34,4,0.04
24,4,0.04
130,4,0.04
194,4,0.04
172,4,0.04
219,3,0.03
113,3,0.03
74,3,0.03
176,3,0.03
209,3,0.03
140,3,0.03
71,3,0.03
117,3,0.03
48,3,0.03
46,3,0.03
157,3,0.03
197,2,0.02
136,2,0.02
218,2,0.02
4,2,0.02
125,2,0.02
191,2,0.02
76,2,0.02
198,2,0.02
13,2,0.02
123,2,0.02
106,2,0.02
69,2,0.02
25,2,0.02
52,2,0.02
92,2,0.02
182,2,0.02
10,1,0.01
1,1,0.01
181,1,0.01
186,1,0.01
196,1,0.01
134,1,0.01
77,1,0.01
31,1,0.01
82,1,0.01
28,1,0.01
146,1,0.01
210,1,0.01
192,1,0.01
47,1,0.01
175,1,0.01
23,1,0.01
38,1,0.01
5,1,0.01
37,1,0.01
98,1,0.01
215,1,0.01
54,1,0.01
